
C:/Users/dj17w/Documents/pico/ece414-David-Alexis/Lab2/build/Lab2.elf:     file format elf32-littlearm

Sections:
Idx Name          Size      VMA       LMA       File off  Algn
  0 .boot2        00000100  10000000  10000000  00001000  2**0
                  CONTENTS, ALLOC, LOAD, READONLY, CODE
  1 .text         000023d0  10000100  10000100  00001100  2**3
                  CONTENTS, ALLOC, LOAD, READONLY, CODE
  2 .rodata       0000010c  100024d0  100024d0  000034d0  2**2
                  CONTENTS, ALLOC, LOAD, READONLY, DATA
  3 .binary_info  00000028  100025dc  100025dc  000035dc  2**2
                  CONTENTS, ALLOC, LOAD, READONLY, DATA
  4 .ram_vector_table 000000c0  20000000  20000000  00005000  2**2
                  ALLOC
  5 .data         000001a8  200000c0  10002604  000040c0  2**4
                  CONTENTS, ALLOC, LOAD, READONLY, CODE
  6 .uninitialized_data 0000000c  20000268  100027ac  00004268  2**2
                  ALLOC
  7 .scratch_x    00000000  20040000  20040000  00004268  2**0
                  CONTENTS
  8 .scratch_y    00000000  20041000  20041000  00004268  2**0
                  CONTENTS
  9 .bss          000003dc  20000278  20000278  00005000  2**3
                  ALLOC
 10 .heap         00000800  20000654  20000654  00004268  2**2
                  CONTENTS, READONLY
 11 .stack_dummy  00000800  20041000  20041000  00004a80  2**5
                  CONTENTS, READONLY
 12 .ARM.attributes 00000028  00000000  00000000  00005280  2**0
                  CONTENTS, READONLY
 13 .comment      00000049  00000000  00000000  000052a8  2**0
                  CONTENTS, READONLY
 14 .debug_frame  00000028  00000000  00000000  000052f4  2**2
                  CONTENTS, READONLY, DEBUGGING, OCTETS

C:/Users/dj17w/Documents/pico/ece414-David-Alexis/Lab2/build/Lab2.elf:     file format elf32-littlearm


Disassembly of section .boot2:

10000000 <__boot2_start__>:
10000000:	4b32b500 	.word	0x4b32b500
10000004:	60582021 	.word	0x60582021
10000008:	21026898 	.word	0x21026898
1000000c:	60984388 	.word	0x60984388
10000010:	611860d8 	.word	0x611860d8
10000014:	4b2e6158 	.word	0x4b2e6158
10000018:	60992100 	.word	0x60992100
1000001c:	61592102 	.word	0x61592102
10000020:	22f02101 	.word	0x22f02101
10000024:	492b5099 	.word	0x492b5099
10000028:	21016019 	.word	0x21016019
1000002c:	20356099 	.word	0x20356099
10000030:	f844f000 	.word	0xf844f000
10000034:	42902202 	.word	0x42902202
10000038:	2106d014 	.word	0x2106d014
1000003c:	f0006619 	.word	0xf0006619
10000040:	6e19f834 	.word	0x6e19f834
10000044:	66192101 	.word	0x66192101
10000048:	66182000 	.word	0x66182000
1000004c:	f000661a 	.word	0xf000661a
10000050:	6e19f82c 	.word	0x6e19f82c
10000054:	6e196e19 	.word	0x6e196e19
10000058:	f0002005 	.word	0xf0002005
1000005c:	2101f82f 	.word	0x2101f82f
10000060:	d1f94208 	.word	0xd1f94208
10000064:	60992100 	.word	0x60992100
10000068:	6019491b 	.word	0x6019491b
1000006c:	60592100 	.word	0x60592100
10000070:	481b491a 	.word	0x481b491a
10000074:	21016001 	.word	0x21016001
10000078:	21eb6099 	.word	0x21eb6099
1000007c:	21a06619 	.word	0x21a06619
10000080:	f0006619 	.word	0xf0006619
10000084:	2100f812 	.word	0x2100f812
10000088:	49166099 	.word	0x49166099
1000008c:	60014814 	.word	0x60014814
10000090:	60992101 	.word	0x60992101
10000094:	2800bc01 	.word	0x2800bc01
10000098:	4700d000 	.word	0x4700d000
1000009c:	49134812 	.word	0x49134812
100000a0:	c8036008 	.word	0xc8036008
100000a4:	8808f380 	.word	0x8808f380
100000a8:	b5034708 	.word	0xb5034708
100000ac:	20046a99 	.word	0x20046a99
100000b0:	d0fb4201 	.word	0xd0fb4201
100000b4:	42012001 	.word	0x42012001
100000b8:	bd03d1f8 	.word	0xbd03d1f8
100000bc:	6618b502 	.word	0x6618b502
100000c0:	f7ff6618 	.word	0xf7ff6618
100000c4:	6e18fff2 	.word	0x6e18fff2
100000c8:	bd026e18 	.word	0xbd026e18
100000cc:	40020000 	.word	0x40020000
100000d0:	18000000 	.word	0x18000000
100000d4:	00070000 	.word	0x00070000
100000d8:	005f0300 	.word	0x005f0300
100000dc:	00002221 	.word	0x00002221
100000e0:	180000f4 	.word	0x180000f4
100000e4:	a0002022 	.word	0xa0002022
100000e8:	10000100 	.word	0x10000100
100000ec:	e000ed08 	.word	0xe000ed08
	...
100000fc:	7a4eb274 	.word	0x7a4eb274

Disassembly of section .text:

10000100 <__VECTOR_TABLE>:
10000100:	20042000 	.word	0x20042000
10000104:	100001f7 	.word	0x100001f7
10000108:	100001c3 	.word	0x100001c3
1000010c:	100001c5 	.word	0x100001c5
10000110:	100001c1 	.word	0x100001c1
10000114:	100001c1 	.word	0x100001c1
10000118:	100001c1 	.word	0x100001c1
1000011c:	100001c1 	.word	0x100001c1
10000120:	100001c1 	.word	0x100001c1
10000124:	100001c1 	.word	0x100001c1
10000128:	100001c1 	.word	0x100001c1
1000012c:	100001c7 	.word	0x100001c7
10000130:	100001c1 	.word	0x100001c1
10000134:	100001c1 	.word	0x100001c1
10000138:	100001c9 	.word	0x100001c9
1000013c:	100001cb 	.word	0x100001cb
10000140:	100001cd 	.word	0x100001cd
10000144:	100001cd 	.word	0x100001cd
10000148:	100001cd 	.word	0x100001cd
1000014c:	100001cd 	.word	0x100001cd
10000150:	100001cd 	.word	0x100001cd
10000154:	100001cd 	.word	0x100001cd
10000158:	100001cd 	.word	0x100001cd
1000015c:	100001cd 	.word	0x100001cd
10000160:	100001cd 	.word	0x100001cd
10000164:	100001cd 	.word	0x100001cd
10000168:	100001cd 	.word	0x100001cd
1000016c:	100001cd 	.word	0x100001cd
10000170:	100001cd 	.word	0x100001cd
10000174:	100001cd 	.word	0x100001cd
10000178:	100001cd 	.word	0x100001cd
1000017c:	100001cd 	.word	0x100001cd
10000180:	100001cd 	.word	0x100001cd
10000184:	100001cd 	.word	0x100001cd
10000188:	100001cd 	.word	0x100001cd
1000018c:	100001cd 	.word	0x100001cd
10000190:	100001cd 	.word	0x100001cd
10000194:	100001cd 	.word	0x100001cd
10000198:	100001cd 	.word	0x100001cd
1000019c:	100001cd 	.word	0x100001cd
100001a0:	100001cd 	.word	0x100001cd
100001a4:	100001cd 	.word	0x100001cd
100001a8:	100001cd 	.word	0x100001cd
100001ac:	100001cd 	.word	0x100001cd
100001b0:	100001cd 	.word	0x100001cd
100001b4:	100001cd 	.word	0x100001cd
100001b8:	100001cd 	.word	0x100001cd
100001bc:	100001cd 	.word	0x100001cd

100001c0 <isr_invalid>:
100001c0:	be00      	bkpt	0x0000

100001c2 <isr_nmi>:
100001c2:	be00      	bkpt	0x0000

100001c4 <isr_hardfault>:
100001c4:	be00      	bkpt	0x0000

100001c6 <isr_svcall>:
100001c6:	be00      	bkpt	0x0000

100001c8 <isr_pendsv>:
100001c8:	be00      	bkpt	0x0000

100001ca <isr_systick>:
100001ca:	be00      	bkpt	0x0000

100001cc <__unhandled_user_irq>:
100001cc:	f3ef 8005 	mrs	r0, IPSR
100001d0:	3810      	subs	r0, #16

100001d2 <unhandled_user_irq_num_in_r0>:
100001d2:	be00      	bkpt	0x0000

100001d4 <binary_info_header>:
100001d4:	7188ebf2 	.word	0x7188ebf2
100001d8:	100025dc 	.word	0x100025dc
100001dc:	10002604 	.word	0x10002604
100001e0:	10000234 	.word	0x10000234
100001e4:	e71aa390 	.word	0xe71aa390

100001e8 <_entry_point>:
100001e8:	2000      	movs	r0, #0
100001ea:	491f      	ldr	r1, [pc, #124]	; (10000268 <hold_non_core0_in_bootrom+0xa>)
100001ec:	6008      	str	r0, [r1, #0]
100001ee:	c806      	ldmia	r0!, {r1, r2}
100001f0:	f381 8808 	msr	MSP, r1
100001f4:	4710      	bx	r2

100001f6 <_reset_handler>:
100001f6:	481d      	ldr	r0, [pc, #116]	; (1000026c <hold_non_core0_in_bootrom+0xe>)
100001f8:	6800      	ldr	r0, [r0, #0]
100001fa:	2800      	cmp	r0, #0
100001fc:	d12f      	bne.n	1000025e <hold_non_core0_in_bootrom>
100001fe:	a40d      	add	r4, pc, #52	; (adr r4, 10000234 <data_cpy_table>)
10000200:	cc0e      	ldmia	r4!, {r1, r2, r3}
10000202:	2900      	cmp	r1, #0
10000204:	d002      	beq.n	1000020c <_reset_handler+0x16>
10000206:	f000 f812 	bl	1000022e <data_cpy>
1000020a:	e7f9      	b.n	10000200 <_reset_handler+0xa>
1000020c:	4918      	ldr	r1, [pc, #96]	; (10000270 <hold_non_core0_in_bootrom+0x12>)
1000020e:	4a19      	ldr	r2, [pc, #100]	; (10000274 <hold_non_core0_in_bootrom+0x16>)
10000210:	2000      	movs	r0, #0
10000212:	e000      	b.n	10000216 <bss_fill_test>

10000214 <bss_fill_loop>:
10000214:	c101      	stmia	r1!, {r0}

10000216 <bss_fill_test>:
10000216:	4291      	cmp	r1, r2
10000218:	d1fc      	bne.n	10000214 <bss_fill_loop>

1000021a <platform_entry>:
1000021a:	4917      	ldr	r1, [pc, #92]	; (10000278 <hold_non_core0_in_bootrom+0x1a>)
1000021c:	4788      	blx	r1
1000021e:	4917      	ldr	r1, [pc, #92]	; (1000027c <hold_non_core0_in_bootrom+0x1e>)
10000220:	4788      	blx	r1
10000222:	4917      	ldr	r1, [pc, #92]	; (10000280 <hold_non_core0_in_bootrom+0x22>)
10000224:	4788      	blx	r1
10000226:	be00      	bkpt	0x0000
10000228:	e7fd      	b.n	10000226 <platform_entry+0xc>

1000022a <data_cpy_loop>:
1000022a:	c901      	ldmia	r1!, {r0}
1000022c:	c201      	stmia	r2!, {r0}

1000022e <data_cpy>:
1000022e:	429a      	cmp	r2, r3
10000230:	d3fb      	bcc.n	1000022a <data_cpy_loop>
10000232:	4770      	bx	lr

10000234 <data_cpy_table>:
10000234:	10002604 	.word	0x10002604
10000238:	200000c0 	.word	0x200000c0
1000023c:	20000268 	.word	0x20000268
10000240:	100027ac 	.word	0x100027ac
10000244:	20040000 	.word	0x20040000
10000248:	20040000 	.word	0x20040000
1000024c:	100027ac 	.word	0x100027ac
10000250:	20041000 	.word	0x20041000
10000254:	20041000 	.word	0x20041000
10000258:	00000000 	.word	0x00000000
1000025c:	4770      	bx	lr

1000025e <hold_non_core0_in_bootrom>:
1000025e:	4809      	ldr	r0, [pc, #36]	; (10000284 <hold_non_core0_in_bootrom+0x26>)
10000260:	f001 fd46 	bl	10001cf0 <rom_func_lookup>
10000264:	4700      	bx	r0
10000266:	0000      	.short	0x0000
10000268:	e000ed08 	.word	0xe000ed08
1000026c:	d0000000 	.word	0xd0000000
10000270:	20000278 	.word	0x20000278
10000274:	20000654 	.word	0x20000654
10000278:	10001b69 	.word	0x10001b69
1000027c:	10000305 	.word	0x10000305
10000280:	10001c5d 	.word	0x10001c5d
10000284:	00005657 	.word	0x00005657

10000288 <__bi_50>:
10000288:	50520006 5360b3ab 1000252c              ..RP..`S,%..

10000294 <__bi_38>:
10000294:	50520006 02031c86 1000253c              ..RP....<%..

100002a0 <__bi_30>:
100002a0:	50520006 9da22254 10002544              ..RPT"..D%..

100002ac <__bi_22>:
100002ac:	50520005 68f465de 100027ac              ..RP.e.h.'..

100002b8 <_init>:
100002b8:	b5f8      	push	{r3, r4, r5, r6, r7, lr}
100002ba:	46c0      	nop			; (mov r8, r8)

100002bc <__do_global_dtors_aux>:
100002bc:	b510      	push	{r4, lr}
100002be:	4c06      	ldr	r4, [pc, #24]	; (100002d8 <__do_global_dtors_aux+0x1c>)
100002c0:	7823      	ldrb	r3, [r4, #0]
100002c2:	2b00      	cmp	r3, #0
100002c4:	d107      	bne.n	100002d6 <__do_global_dtors_aux+0x1a>
100002c6:	4b05      	ldr	r3, [pc, #20]	; (100002dc <__do_global_dtors_aux+0x20>)
100002c8:	2b00      	cmp	r3, #0
100002ca:	d002      	beq.n	100002d2 <__do_global_dtors_aux+0x16>
100002cc:	4804      	ldr	r0, [pc, #16]	; (100002e0 <__do_global_dtors_aux+0x24>)
100002ce:	e000      	b.n	100002d2 <__do_global_dtors_aux+0x16>
100002d0:	bf00      	nop
100002d2:	2301      	movs	r3, #1
100002d4:	7023      	strb	r3, [r4, #0]
100002d6:	bd10      	pop	{r4, pc}
100002d8:	20000578 	.word	0x20000578
100002dc:	00000000 	.word	0x00000000
100002e0:	100024d0 	.word	0x100024d0

100002e4 <frame_dummy>:
100002e4:	4b04      	ldr	r3, [pc, #16]	; (100002f8 <frame_dummy+0x14>)
100002e6:	b510      	push	{r4, lr}
100002e8:	2b00      	cmp	r3, #0
100002ea:	d003      	beq.n	100002f4 <frame_dummy+0x10>
100002ec:	4903      	ldr	r1, [pc, #12]	; (100002fc <frame_dummy+0x18>)
100002ee:	4804      	ldr	r0, [pc, #16]	; (10000300 <frame_dummy+0x1c>)
100002f0:	e000      	b.n	100002f4 <frame_dummy+0x10>
100002f2:	bf00      	nop
100002f4:	bd10      	pop	{r4, pc}
100002f6:	46c0      	nop			; (mov r8, r8)
100002f8:	00000000 	.word	0x00000000
100002fc:	2000057c 	.word	0x2000057c
10000300:	100024d0 	.word	0x100024d0

10000304 <main>:
10000304:	b510      	push	{r4, lr}
10000306:	f001 ff7d 	bl	10002204 <stdio_init_all>
1000030a:	f000 f821 	bl	10000350 <led_out_init>
1000030e:	f000 f833 	bl	10000378 <sw_in_init>
10000312:	e007      	b.n	10000324 <main+0x20>
10000314:	2800      	cmp	r0, #0
10000316:	d116      	bne.n	10000346 <main+0x42>
10000318:	2000      	movs	r0, #0
1000031a:	f000 f823 	bl	10000364 <led_out_write>
1000031e:	200a      	movs	r0, #10
10000320:	f000 fdaa 	bl	10000e78 <sleep_ms>
10000324:	f000 f842 	bl	100003ac <sw_in_read1>
10000328:	0004      	movs	r4, r0
1000032a:	f000 f847 	bl	100003bc <sw_in_read2>
1000032e:	2c00      	cmp	r4, #0
10000330:	d0f0      	beq.n	10000314 <main+0x10>
10000332:	2800      	cmp	r0, #0
10000334:	d103      	bne.n	1000033e <main+0x3a>
10000336:	2001      	movs	r0, #1
10000338:	f000 f814 	bl	10000364 <led_out_write>
1000033c:	e7ef      	b.n	1000031e <main+0x1a>
1000033e:	20ff      	movs	r0, #255	; 0xff
10000340:	f000 f810 	bl	10000364 <led_out_write>
10000344:	e7eb      	b.n	1000031e <main+0x1a>
10000346:	2080      	movs	r0, #128	; 0x80
10000348:	f000 f80c 	bl	10000364 <led_out_write>
1000034c:	e7e7      	b.n	1000031e <main+0x1a>
1000034e:	46c0      	nop			; (mov r8, r8)

10000350 <led_out_init>:
10000350:	b510      	push	{r4, lr}
10000352:	24ff      	movs	r4, #255	; 0xff
10000354:	00a4      	lsls	r4, r4, #2
10000356:	0020      	movs	r0, r4
10000358:	f000 f886 	bl	10000468 <gpio_init_mask>
1000035c:	23d0      	movs	r3, #208	; 0xd0
1000035e:	061b      	lsls	r3, r3, #24
10000360:	625c      	str	r4, [r3, #36]	; 0x24
10000362:	bd10      	pop	{r4, pc}

10000364 <led_out_write>:
10000364:	23d0      	movs	r3, #208	; 0xd0
10000366:	061b      	lsls	r3, r3, #24
10000368:	691a      	ldr	r2, [r3, #16]
1000036a:	0080      	lsls	r0, r0, #2
1000036c:	4050      	eors	r0, r2
1000036e:	22ff      	movs	r2, #255	; 0xff
10000370:	0092      	lsls	r2, r2, #2
10000372:	4010      	ands	r0, r2
10000374:	61d8      	str	r0, [r3, #28]
10000376:	4770      	bx	lr

10000378 <sw_in_init>:
10000378:	b510      	push	{r4, lr}
1000037a:	2010      	movs	r0, #16
1000037c:	f000 f856 	bl	1000042c <gpio_init>
10000380:	24d0      	movs	r4, #208	; 0xd0
10000382:	2380      	movs	r3, #128	; 0x80
10000384:	0624      	lsls	r4, r4, #24
10000386:	025b      	lsls	r3, r3, #9
10000388:	62a3      	str	r3, [r4, #40]	; 0x28
1000038a:	2200      	movs	r2, #0
1000038c:	2101      	movs	r1, #1
1000038e:	2010      	movs	r0, #16
10000390:	f000 f834 	bl	100003fc <gpio_set_pulls>
10000394:	2011      	movs	r0, #17
10000396:	f000 f849 	bl	1000042c <gpio_init>
1000039a:	2380      	movs	r3, #128	; 0x80
1000039c:	029b      	lsls	r3, r3, #10
1000039e:	2200      	movs	r2, #0
100003a0:	2101      	movs	r1, #1
100003a2:	2011      	movs	r0, #17
100003a4:	62a3      	str	r3, [r4, #40]	; 0x28
100003a6:	f000 f829 	bl	100003fc <gpio_set_pulls>
100003aa:	bd10      	pop	{r4, pc}

100003ac <sw_in_read1>:
100003ac:	23d0      	movs	r3, #208	; 0xd0
100003ae:	061b      	lsls	r3, r3, #24
100003b0:	6858      	ldr	r0, [r3, #4]
100003b2:	2301      	movs	r3, #1
100003b4:	03c0      	lsls	r0, r0, #15
100003b6:	0fc0      	lsrs	r0, r0, #31
100003b8:	4058      	eors	r0, r3
100003ba:	4770      	bx	lr

100003bc <sw_in_read2>:
100003bc:	23d0      	movs	r3, #208	; 0xd0
100003be:	061b      	lsls	r3, r3, #24
100003c0:	6858      	ldr	r0, [r3, #4]
100003c2:	2301      	movs	r3, #1
100003c4:	0380      	lsls	r0, r0, #14
100003c6:	0fc0      	lsrs	r0, r0, #31
100003c8:	4058      	eors	r0, r3
100003ca:	4770      	bx	lr

100003cc <gpio_set_function>:
100003cc:	4a09      	ldr	r2, [pc, #36]	; (100003f4 <gpio_set_function+0x28>)
100003ce:	0083      	lsls	r3, r0, #2
100003d0:	4694      	mov	ip, r2
100003d2:	2240      	movs	r2, #64	; 0x40
100003d4:	4463      	add	r3, ip
100003d6:	b510      	push	{r4, lr}
100003d8:	681c      	ldr	r4, [r3, #0]
100003da:	00c0      	lsls	r0, r0, #3
100003dc:	4062      	eors	r2, r4
100003de:	24c0      	movs	r4, #192	; 0xc0
100003e0:	4014      	ands	r4, r2
100003e2:	2280      	movs	r2, #128	; 0x80
100003e4:	0152      	lsls	r2, r2, #5
100003e6:	4313      	orrs	r3, r2
100003e8:	601c      	str	r4, [r3, #0]
100003ea:	4b03      	ldr	r3, [pc, #12]	; (100003f8 <gpio_set_function+0x2c>)
100003ec:	469c      	mov	ip, r3
100003ee:	4460      	add	r0, ip
100003f0:	6041      	str	r1, [r0, #4]
100003f2:	bd10      	pop	{r4, pc}
100003f4:	4001c004 	.word	0x4001c004
100003f8:	40014000 	.word	0x40014000

100003fc <gpio_set_pulls>:
100003fc:	4b0a      	ldr	r3, [pc, #40]	; (10000428 <gpio_set_pulls+0x2c>)
100003fe:	0080      	lsls	r0, r0, #2
10000400:	469c      	mov	ip, r3
10000402:	2304      	movs	r3, #4
10000404:	4460      	add	r0, ip
10000406:	2900      	cmp	r1, #0
10000408:	d001      	beq.n	1000040e <gpio_set_pulls+0x12>
1000040a:	230c      	movs	r3, #12
1000040c:	2108      	movs	r1, #8
1000040e:	2a00      	cmp	r2, #0
10000410:	d100      	bne.n	10000414 <gpio_set_pulls+0x18>
10000412:	000b      	movs	r3, r1
10000414:	6802      	ldr	r2, [r0, #0]
10000416:	4053      	eors	r3, r2
10000418:	220c      	movs	r2, #12
1000041a:	401a      	ands	r2, r3
1000041c:	2380      	movs	r3, #128	; 0x80
1000041e:	015b      	lsls	r3, r3, #5
10000420:	4318      	orrs	r0, r3
10000422:	6002      	str	r2, [r0, #0]
10000424:	4770      	bx	lr
10000426:	46c0      	nop			; (mov r8, r8)
10000428:	4001c004 	.word	0x4001c004

1000042c <gpio_init>:
1000042c:	2301      	movs	r3, #1
1000042e:	22d0      	movs	r2, #208	; 0xd0
10000430:	4083      	lsls	r3, r0
10000432:	0612      	lsls	r2, r2, #24
10000434:	6293      	str	r3, [r2, #40]	; 0x28
10000436:	6193      	str	r3, [r2, #24]
10000438:	4a09      	ldr	r2, [pc, #36]	; (10000460 <gpio_init+0x34>)
1000043a:	0083      	lsls	r3, r0, #2
1000043c:	4694      	mov	ip, r2
1000043e:	2240      	movs	r2, #64	; 0x40
10000440:	4463      	add	r3, ip
10000442:	6819      	ldr	r1, [r3, #0]
10000444:	00c0      	lsls	r0, r0, #3
10000446:	404a      	eors	r2, r1
10000448:	21c0      	movs	r1, #192	; 0xc0
1000044a:	4011      	ands	r1, r2
1000044c:	2280      	movs	r2, #128	; 0x80
1000044e:	0152      	lsls	r2, r2, #5
10000450:	4313      	orrs	r3, r2
10000452:	6019      	str	r1, [r3, #0]
10000454:	4b03      	ldr	r3, [pc, #12]	; (10000464 <gpio_init+0x38>)
10000456:	469c      	mov	ip, r3
10000458:	2305      	movs	r3, #5
1000045a:	4460      	add	r0, ip
1000045c:	6043      	str	r3, [r0, #4]
1000045e:	4770      	bx	lr
10000460:	4001c004 	.word	0x4001c004
10000464:	40014000 	.word	0x40014000

10000468 <gpio_init_mask>:
10000468:	2140      	movs	r1, #64	; 0x40
1000046a:	b5f0      	push	{r4, r5, r6, r7, lr}
1000046c:	46d6      	mov	lr, sl
1000046e:	464f      	mov	r7, r9
10000470:	4646      	mov	r6, r8
10000472:	4688      	mov	r8, r1
10000474:	3180      	adds	r1, #128	; 0x80
10000476:	25d0      	movs	r5, #208	; 0xd0
10000478:	468c      	mov	ip, r1
1000047a:	b5c0      	push	{r6, r7, lr}
1000047c:	39bb      	subs	r1, #187	; 0xbb
1000047e:	2780      	movs	r7, #128	; 0x80
10000480:	2300      	movs	r3, #0
10000482:	2401      	movs	r4, #1
10000484:	468a      	mov	sl, r1
10000486:	4a10      	ldr	r2, [pc, #64]	; (100004c8 <gpio_init_mask+0x60>)
10000488:	062d      	lsls	r5, r5, #24
1000048a:	017f      	lsls	r7, r7, #5
1000048c:	4204      	tst	r4, r0
1000048e:	d011      	beq.n	100004b4 <gpio_init_mask+0x4c>
10000490:	0021      	movs	r1, r4
10000492:	4099      	lsls	r1, r3
10000494:	4646      	mov	r6, r8
10000496:	62a9      	str	r1, [r5, #40]	; 0x28
10000498:	61a9      	str	r1, [r5, #24]
1000049a:	6811      	ldr	r1, [r2, #0]
1000049c:	4071      	eors	r1, r6
1000049e:	4666      	mov	r6, ip
100004a0:	4031      	ands	r1, r6
100004a2:	003e      	movs	r6, r7
100004a4:	4316      	orrs	r6, r2
100004a6:	6031      	str	r1, [r6, #0]
100004a8:	4e08      	ldr	r6, [pc, #32]	; (100004cc <gpio_init_mask+0x64>)
100004aa:	00d9      	lsls	r1, r3, #3
100004ac:	46b1      	mov	r9, r6
100004ae:	4656      	mov	r6, sl
100004b0:	4449      	add	r1, r9
100004b2:	600e      	str	r6, [r1, #0]
100004b4:	3301      	adds	r3, #1
100004b6:	0840      	lsrs	r0, r0, #1
100004b8:	3204      	adds	r2, #4
100004ba:	2b1e      	cmp	r3, #30
100004bc:	d1e6      	bne.n	1000048c <gpio_init_mask+0x24>
100004be:	bce0      	pop	{r5, r6, r7}
100004c0:	46ba      	mov	sl, r7
100004c2:	46b1      	mov	r9, r6
100004c4:	46a8      	mov	r8, r5
100004c6:	bdf0      	pop	{r4, r5, r6, r7, pc}
100004c8:	4001c004 	.word	0x4001c004
100004cc:	40014004 	.word	0x40014004

100004d0 <running_on_fpga>:
100004d0:	4b02      	ldr	r3, [pc, #8]	; (100004dc <running_on_fpga+0xc>)
100004d2:	6818      	ldr	r0, [r3, #0]
100004d4:	0780      	lsls	r0, r0, #30
100004d6:	0fc0      	lsrs	r0, r0, #31
100004d8:	4770      	bx	lr
100004da:	46c0      	nop			; (mov r8, r8)
100004dc:	4006c000 	.word	0x4006c000

100004e0 <hw_claim_or_assert>:
100004e0:	b570      	push	{r4, r5, r6, lr}
100004e2:	f3ef 8c10 	mrs	ip, PRIMASK
100004e6:	b672      	cpsid	i
100004e8:	4d0d      	ldr	r5, [pc, #52]	; (10000520 <hw_claim_or_assert+0x40>)
100004ea:	682b      	ldr	r3, [r5, #0]
100004ec:	2b00      	cmp	r3, #0
100004ee:	d0fc      	beq.n	100004ea <hw_claim_or_assert+0xa>
100004f0:	f3bf 8f5f 	dmb	sy
100004f4:	2407      	movs	r4, #7
100004f6:	08cb      	lsrs	r3, r1, #3
100004f8:	18c6      	adds	r6, r0, r3
100004fa:	5cc0      	ldrb	r0, [r0, r3]
100004fc:	2301      	movs	r3, #1
100004fe:	400c      	ands	r4, r1
10000500:	40a3      	lsls	r3, r4
10000502:	001c      	movs	r4, r3
10000504:	4004      	ands	r4, r0
10000506:	4203      	tst	r3, r0
10000508:	d107      	bne.n	1000051a <hw_claim_or_assert+0x3a>
1000050a:	4303      	orrs	r3, r0
1000050c:	7033      	strb	r3, [r6, #0]
1000050e:	f3bf 8f5f 	dmb	sy
10000512:	602c      	str	r4, [r5, #0]
10000514:	f38c 8810 	msr	PRIMASK, ip
10000518:	bd70      	pop	{r4, r5, r6, pc}
1000051a:	0010      	movs	r0, r2
1000051c:	f001 fba2 	bl	10001c64 <panic>
10000520:	d000012c 	.word	0xd000012c

10000524 <spin_locks_reset>:
10000524:	2100      	movs	r1, #0
10000526:	4b04      	ldr	r3, [pc, #16]	; (10000538 <spin_locks_reset+0x14>)
10000528:	4a04      	ldr	r2, [pc, #16]	; (1000053c <spin_locks_reset+0x18>)
1000052a:	f3bf 8f5f 	dmb	sy
1000052e:	c302      	stmia	r3!, {r1}
10000530:	4293      	cmp	r3, r2
10000532:	d1fa      	bne.n	1000052a <spin_locks_reset+0x6>
10000534:	4770      	bx	lr
10000536:	46c0      	nop			; (mov r8, r8)
10000538:	d0000100 	.word	0xd0000100
1000053c:	d0000180 	.word	0xd0000180

10000540 <next_striped_spin_lock_num>:
10000540:	4a04      	ldr	r2, [pc, #16]	; (10000554 <next_striped_spin_lock_num+0x14>)
10000542:	7810      	ldrb	r0, [r2, #0]
10000544:	1c43      	adds	r3, r0, #1
10000546:	b2db      	uxtb	r3, r3
10000548:	2b17      	cmp	r3, #23
1000054a:	d900      	bls.n	1000054e <next_striped_spin_lock_num+0xe>
1000054c:	2310      	movs	r3, #16
1000054e:	7013      	strb	r3, [r2, #0]
10000550:	4770      	bx	lr
10000552:	46c0      	nop			; (mov r8, r8)
10000554:	20000198 	.word	0x20000198

10000558 <irq_set_enabled>:
10000558:	2301      	movs	r3, #1
1000055a:	4083      	lsls	r3, r0
1000055c:	2900      	cmp	r1, #0
1000055e:	d004      	beq.n	1000056a <irq_set_enabled+0x12>
10000560:	4a03      	ldr	r2, [pc, #12]	; (10000570 <irq_set_enabled+0x18>)
10000562:	6013      	str	r3, [r2, #0]
10000564:	4a03      	ldr	r2, [pc, #12]	; (10000574 <irq_set_enabled+0x1c>)
10000566:	6013      	str	r3, [r2, #0]
10000568:	4770      	bx	lr
1000056a:	4a03      	ldr	r2, [pc, #12]	; (10000578 <irq_set_enabled+0x20>)
1000056c:	6013      	str	r3, [r2, #0]
1000056e:	e7fb      	b.n	10000568 <irq_set_enabled+0x10>
10000570:	e000e280 	.word	0xe000e280
10000574:	e000e100 	.word	0xe000e100
10000578:	e000e180 	.word	0xe000e180

1000057c <irq_get_vtable_handler>:
1000057c:	4b02      	ldr	r3, [pc, #8]	; (10000588 <irq_get_vtable_handler+0xc>)
1000057e:	3010      	adds	r0, #16
10000580:	689b      	ldr	r3, [r3, #8]
10000582:	0080      	lsls	r0, r0, #2
10000584:	58c0      	ldr	r0, [r0, r3]
10000586:	4770      	bx	lr
10000588:	e000ed00 	.word	0xe000ed00

1000058c <irq_set_exclusive_handler>:
1000058c:	b570      	push	{r4, r5, r6, lr}
1000058e:	000d      	movs	r5, r1
10000590:	f3ef 8610 	mrs	r6, PRIMASK
10000594:	b672      	cpsid	i
10000596:	4a0f      	ldr	r2, [pc, #60]	; (100005d4 <irq_set_exclusive_handler+0x48>)
10000598:	6813      	ldr	r3, [r2, #0]
1000059a:	2b00      	cmp	r3, #0
1000059c:	d0fc      	beq.n	10000598 <irq_set_exclusive_handler+0xc>
1000059e:	f3bf 8f5f 	dmb	sy
100005a2:	4b0d      	ldr	r3, [pc, #52]	; (100005d8 <irq_set_exclusive_handler+0x4c>)
100005a4:	3010      	adds	r0, #16
100005a6:	689b      	ldr	r3, [r3, #8]
100005a8:	0084      	lsls	r4, r0, #2
100005aa:	591b      	ldr	r3, [r3, r4]
100005ac:	4a0b      	ldr	r2, [pc, #44]	; (100005dc <irq_set_exclusive_handler+0x50>)
100005ae:	4293      	cmp	r3, r2
100005b0:	d003      	beq.n	100005ba <irq_set_exclusive_handler+0x2e>
100005b2:	429d      	cmp	r5, r3
100005b4:	d001      	beq.n	100005ba <irq_set_exclusive_handler+0x2e>
100005b6:	f001 fb6d 	bl	10001c94 <hard_assertion_failure>
100005ba:	4b07      	ldr	r3, [pc, #28]	; (100005d8 <irq_set_exclusive_handler+0x4c>)
100005bc:	689b      	ldr	r3, [r3, #8]
100005be:	511d      	str	r5, [r3, r4]
100005c0:	f3bf 8f5f 	dmb	sy
100005c4:	f3bf 8f5f 	dmb	sy
100005c8:	2200      	movs	r2, #0
100005ca:	4b02      	ldr	r3, [pc, #8]	; (100005d4 <irq_set_exclusive_handler+0x48>)
100005cc:	601a      	str	r2, [r3, #0]
100005ce:	f386 8810 	msr	PRIMASK, r6
100005d2:	bd70      	pop	{r4, r5, r6, pc}
100005d4:	d0000124 	.word	0xd0000124
100005d8:	e000ed00 	.word	0xe000ed00
100005dc:	100001cd 	.word	0x100001cd

100005e0 <irq_remove_handler>:
100005e0:	b5f0      	push	{r4, r5, r6, r7, lr}
100005e2:	46de      	mov	lr, fp
100005e4:	4657      	mov	r7, sl
100005e6:	464e      	mov	r6, r9
100005e8:	4645      	mov	r5, r8
100005ea:	b5e0      	push	{r5, r6, r7, lr}
100005ec:	000c      	movs	r4, r1
100005ee:	b083      	sub	sp, #12
100005f0:	f3ef 8910 	mrs	r9, PRIMASK
100005f4:	b672      	cpsid	i
100005f6:	4a58      	ldr	r2, [pc, #352]	; (10000758 <irq_remove_handler+0x178>)
100005f8:	6813      	ldr	r3, [r2, #0]
100005fa:	2b00      	cmp	r3, #0
100005fc:	d0fc      	beq.n	100005f8 <irq_remove_handler+0x18>
100005fe:	f3bf 8f5f 	dmb	sy
10000602:	4b56      	ldr	r3, [pc, #344]	; (1000075c <irq_remove_handler+0x17c>)
10000604:	689a      	ldr	r2, [r3, #8]
10000606:	0003      	movs	r3, r0
10000608:	3310      	adds	r3, #16
1000060a:	009f      	lsls	r7, r3, #2
1000060c:	59d5      	ldr	r5, [r2, r7]
1000060e:	4a54      	ldr	r2, [pc, #336]	; (10000760 <irq_remove_handler+0x180>)
10000610:	4690      	mov	r8, r2
10000612:	4295      	cmp	r5, r2
10000614:	d032      	beq.n	1000067c <irq_remove_handler+0x9c>
10000616:	42a5      	cmp	r5, r4
10000618:	d043      	beq.n	100006a2 <irq_remove_handler+0xc2>
1000061a:	4e52      	ldr	r6, [pc, #328]	; (10000764 <irq_remove_handler+0x184>)
1000061c:	1baa      	subs	r2, r5, r6
1000061e:	2a2f      	cmp	r2, #47	; 0x2f
10000620:	d82c      	bhi.n	1000067c <irq_remove_handler+0x9c>
10000622:	2201      	movs	r2, #1
10000624:	4082      	lsls	r2, r0
10000626:	4692      	mov	sl, r2
10000628:	4651      	mov	r1, sl
1000062a:	4a4f      	ldr	r2, [pc, #316]	; (10000768 <irq_remove_handler+0x188>)
1000062c:	6812      	ldr	r2, [r2, #0]
1000062e:	4011      	ands	r1, r2
10000630:	9101      	str	r1, [sp, #4]
10000632:	4651      	mov	r1, sl
10000634:	4a4d      	ldr	r2, [pc, #308]	; (1000076c <irq_remove_handler+0x18c>)
10000636:	6011      	str	r1, [r2, #0]
10000638:	f3bf 8f5f 	dmb	sy
1000063c:	f3ef 8205 	mrs	r2, IPSR
10000640:	4693      	mov	fp, r2
10000642:	2a00      	cmp	r2, #0
10000644:	d133      	bne.n	100006ae <irq_remove_handler+0xce>
10000646:	2301      	movs	r3, #1
10000648:	002a      	movs	r2, r5
1000064a:	439a      	bics	r2, r3
1000064c:	6893      	ldr	r3, [r2, #8]
1000064e:	429c      	cmp	r4, r3
10000650:	d108      	bne.n	10000664 <irq_remove_handler+0x84>
10000652:	e077      	b.n	10000744 <irq_remove_handler+0x164>
10000654:	004b      	lsls	r3, r1, #1
10000656:	185b      	adds	r3, r3, r1
10000658:	009b      	lsls	r3, r3, #2
1000065a:	18f3      	adds	r3, r6, r3
1000065c:	6899      	ldr	r1, [r3, #8]
1000065e:	42a1      	cmp	r1, r4
10000660:	d02a      	beq.n	100006b8 <irq_remove_handler+0xd8>
10000662:	001a      	movs	r2, r3
10000664:	2106      	movs	r1, #6
10000666:	5651      	ldrsb	r1, [r2, r1]
10000668:	2900      	cmp	r1, #0
1000066a:	daf3      	bge.n	10000654 <irq_remove_handler+0x74>
1000066c:	9b01      	ldr	r3, [sp, #4]
1000066e:	2b00      	cmp	r3, #0
10000670:	d019      	beq.n	100006a6 <irq_remove_handler+0xc6>
10000672:	4652      	mov	r2, sl
10000674:	4b3e      	ldr	r3, [pc, #248]	; (10000770 <irq_remove_handler+0x190>)
10000676:	601a      	str	r2, [r3, #0]
10000678:	4b3b      	ldr	r3, [pc, #236]	; (10000768 <irq_remove_handler+0x188>)
1000067a:	601a      	str	r2, [r3, #0]
1000067c:	4b37      	ldr	r3, [pc, #220]	; (1000075c <irq_remove_handler+0x17c>)
1000067e:	689b      	ldr	r3, [r3, #8]
10000680:	51dd      	str	r5, [r3, r7]
10000682:	f3bf 8f5f 	dmb	sy
10000686:	f3bf 8f5f 	dmb	sy
1000068a:	2200      	movs	r2, #0
1000068c:	4b32      	ldr	r3, [pc, #200]	; (10000758 <irq_remove_handler+0x178>)
1000068e:	601a      	str	r2, [r3, #0]
10000690:	f389 8810 	msr	PRIMASK, r9
10000694:	b003      	add	sp, #12
10000696:	bcf0      	pop	{r4, r5, r6, r7}
10000698:	46bb      	mov	fp, r7
1000069a:	46b2      	mov	sl, r6
1000069c:	46a9      	mov	r9, r5
1000069e:	46a0      	mov	r8, r4
100006a0:	bdf0      	pop	{r4, r5, r6, r7, pc}
100006a2:	0015      	movs	r5, r2
100006a4:	e7ea      	b.n	1000067c <irq_remove_handler+0x9c>
100006a6:	4652      	mov	r2, sl
100006a8:	4b30      	ldr	r3, [pc, #192]	; (1000076c <irq_remove_handler+0x18c>)
100006aa:	601a      	str	r2, [r3, #0]
100006ac:	e7e6      	b.n	1000067c <irq_remove_handler+0x9c>
100006ae:	4293      	cmp	r3, r2
100006b0:	d0c9      	beq.n	10000646 <irq_remove_handler+0x66>
100006b2:	f001 faef 	bl	10001c94 <hard_assertion_failure>
100006b6:	e7c6      	b.n	10000646 <irq_remove_handler+0x66>
100006b8:	2106      	movs	r1, #6
100006ba:	5659      	ldrsb	r1, [r3, r1]
100006bc:	2900      	cmp	r1, #0
100006be:	db21      	blt.n	10000704 <irq_remove_handler+0x124>
100006c0:	004a      	lsls	r2, r1, #1
100006c2:	1850      	adds	r0, r2, r1
100006c4:	0080      	lsls	r0, r0, #2
100006c6:	1834      	adds	r4, r6, r0
100006c8:	4680      	mov	r8, r0
100006ca:	68a0      	ldr	r0, [r4, #8]
100006cc:	6098      	str	r0, [r3, #8]
100006ce:	79e0      	ldrb	r0, [r4, #7]
100006d0:	71d8      	strb	r0, [r3, #7]
100006d2:	2006      	movs	r0, #6
100006d4:	5620      	ldrsb	r0, [r4, r0]
100006d6:	7198      	strb	r0, [r3, #6]
100006d8:	2800      	cmp	r0, #0
100006da:	db24      	blt.n	10000726 <irq_remove_handler+0x146>
100006dc:	88a4      	ldrh	r4, [r4, #4]
100006de:	1af0      	subs	r0, r6, r3
100006e0:	0564      	lsls	r4, r4, #21
100006e2:	1524      	asrs	r4, r4, #20
100006e4:	4444      	add	r4, r8
100006e6:	1900      	adds	r0, r0, r4
100006e8:	24e0      	movs	r4, #224	; 0xe0
100006ea:	0500      	lsls	r0, r0, #20
100006ec:	0d40      	lsrs	r0, r0, #21
100006ee:	0224      	lsls	r4, r4, #8
100006f0:	4320      	orrs	r0, r4
100006f2:	8098      	strh	r0, [r3, #4]
100006f4:	1852      	adds	r2, r2, r1
100006f6:	4b1f      	ldr	r3, [pc, #124]	; (10000774 <irq_remove_handler+0x194>)
100006f8:	0092      	lsls	r2, r2, #2
100006fa:	18b6      	adds	r6, r6, r2
100006fc:	781a      	ldrb	r2, [r3, #0]
100006fe:	7019      	strb	r1, [r3, #0]
10000700:	71b2      	strb	r2, [r6, #6]
10000702:	e7b3      	b.n	1000066c <irq_remove_handler+0x8c>
10000704:	4659      	mov	r1, fp
10000706:	2900      	cmp	r1, #0
10000708:	d10f      	bne.n	1000072a <irq_remove_handler+0x14a>
1000070a:	31ff      	adds	r1, #255	; 0xff
1000070c:	7191      	strb	r1, [r2, #6]
1000070e:	491a      	ldr	r1, [pc, #104]	; (10000778 <irq_remove_handler+0x198>)
10000710:	8091      	strh	r1, [r2, #4]
10000712:	4918      	ldr	r1, [pc, #96]	; (10000774 <irq_remove_handler+0x194>)
10000714:	780a      	ldrb	r2, [r1, #0]
10000716:	719a      	strb	r2, [r3, #6]
10000718:	4a18      	ldr	r2, [pc, #96]	; (1000077c <irq_remove_handler+0x19c>)
1000071a:	1b9b      	subs	r3, r3, r6
1000071c:	415b      	adcs	r3, r3
1000071e:	435a      	muls	r2, r3
10000720:	0d12      	lsrs	r2, r2, #20
10000722:	700a      	strb	r2, [r1, #0]
10000724:	e7a2      	b.n	1000066c <irq_remove_handler+0x8c>
10000726:	4816      	ldr	r0, [pc, #88]	; (10000780 <irq_remove_handler+0x1a0>)
10000728:	e7e3      	b.n	100006f2 <irq_remove_handler+0x112>
1000072a:	4a16      	ldr	r2, [pc, #88]	; (10000784 <irq_remove_handler+0x1a4>)
1000072c:	4916      	ldr	r1, [pc, #88]	; (10000788 <irq_remove_handler+0x1a8>)
1000072e:	1ad2      	subs	r2, r2, r3
10000730:	3a08      	subs	r2, #8
10000732:	0250      	lsls	r0, r2, #9
10000734:	0d40      	lsrs	r0, r0, #21
10000736:	4301      	orrs	r1, r0
10000738:	8099      	strh	r1, [r3, #4]
1000073a:	4914      	ldr	r1, [pc, #80]	; (1000078c <irq_remove_handler+0x1ac>)
1000073c:	0852      	lsrs	r2, r2, #1
1000073e:	430a      	orrs	r2, r1
10000740:	80da      	strh	r2, [r3, #6]
10000742:	e793      	b.n	1000066c <irq_remove_handler+0x8c>
10000744:	2106      	movs	r1, #6
10000746:	5651      	ldrsb	r1, [r2, r1]
10000748:	0013      	movs	r3, r2
1000074a:	2900      	cmp	r1, #0
1000074c:	dab8      	bge.n	100006c0 <irq_remove_handler+0xe0>
1000074e:	465a      	mov	r2, fp
10000750:	2a00      	cmp	r2, #0
10000752:	d1ea      	bne.n	1000072a <irq_remove_handler+0x14a>
10000754:	4645      	mov	r5, r8
10000756:	e7dc      	b.n	10000712 <irq_remove_handler+0x132>
10000758:	d0000124 	.word	0xd0000124
1000075c:	e000ed00 	.word	0xe000ed00
10000760:	100001cd 	.word	0x100001cd
10000764:	2000019c 	.word	0x2000019c
10000768:	e000e100 	.word	0xe000e100
1000076c:	e000e180 	.word	0xe000e180
10000770:	e000e280 	.word	0xe000e280
10000774:	20000651 	.word	0x20000651
10000778:	ffffbd01 	.word	0xffffbd01
1000077c:	0000aaaa 	.word	0x0000aaaa
10000780:	0000bd01 	.word	0x0000bd01
10000784:	200001d6 	.word	0x200001d6
10000788:	fffff000 	.word	0xfffff000
1000078c:	fffff800 	.word	0xfffff800

10000790 <irq_add_tail_to_free_list>:
10000790:	b570      	push	{r4, r5, r6, lr}
10000792:	f3ef 8105 	mrs	r1, IPSR
10000796:	2401      	movs	r4, #1
10000798:	4304      	orrs	r4, r0
1000079a:	f3ef 8c10 	mrs	ip, PRIMASK
1000079e:	b672      	cpsid	i
100007a0:	4a21      	ldr	r2, [pc, #132]	; (10000828 <irq_add_tail_to_free_list+0x98>)
100007a2:	6813      	ldr	r3, [r2, #0]
100007a4:	2b00      	cmp	r3, #0
100007a6:	d0fc      	beq.n	100007a2 <irq_add_tail_to_free_list+0x12>
100007a8:	f3bf 8f5f 	dmb	sy
100007ac:	4b1f      	ldr	r3, [pc, #124]	; (1000082c <irq_add_tail_to_free_list+0x9c>)
100007ae:	0005      	movs	r5, r0
100007b0:	4a1f      	ldr	r2, [pc, #124]	; (10000830 <irq_add_tail_to_free_list+0xa0>)
100007b2:	1aed      	subs	r5, r5, r3
100007b4:	416d      	adcs	r5, r5
100007b6:	436a      	muls	r2, r5
100007b8:	0d12      	lsrs	r2, r2, #20
100007ba:	4d1e      	ldr	r5, [pc, #120]	; (10000834 <irq_add_tail_to_free_list+0xa4>)
100007bc:	0089      	lsls	r1, r1, #2
100007be:	68ae      	ldr	r6, [r5, #8]
100007c0:	b252      	sxtb	r2, r2
100007c2:	5876      	ldr	r6, [r6, r1]
100007c4:	42a6      	cmp	r6, r4
100007c6:	d01c      	beq.n	10000802 <irq_add_tail_to_free_list+0x72>
100007c8:	2106      	movs	r1, #6
100007ca:	5659      	ldrsb	r1, [r3, r1]
100007cc:	4291      	cmp	r1, r2
100007ce:	d01c      	beq.n	1000080a <irq_add_tail_to_free_list+0x7a>
100007d0:	2112      	movs	r1, #18
100007d2:	5659      	ldrsb	r1, [r3, r1]
100007d4:	4291      	cmp	r1, r2
100007d6:	d022      	beq.n	1000081e <irq_add_tail_to_free_list+0x8e>
100007d8:	211e      	movs	r1, #30
100007da:	5659      	ldrsb	r1, [r3, r1]
100007dc:	4291      	cmp	r1, r2
100007de:	d020      	beq.n	10000822 <irq_add_tail_to_free_list+0x92>
100007e0:	212a      	movs	r1, #42	; 0x2a
100007e2:	5659      	ldrsb	r1, [r3, r1]
100007e4:	2403      	movs	r4, #3
100007e6:	4291      	cmp	r1, r2
100007e8:	d010      	beq.n	1000080c <irq_add_tail_to_free_list+0x7c>
100007ea:	4b13      	ldr	r3, [pc, #76]	; (10000838 <irq_add_tail_to_free_list+0xa8>)
100007ec:	7819      	ldrb	r1, [r3, #0]
100007ee:	701a      	strb	r2, [r3, #0]
100007f0:	7181      	strb	r1, [r0, #6]
100007f2:	f3bf 8f5f 	dmb	sy
100007f6:	2200      	movs	r2, #0
100007f8:	4b0b      	ldr	r3, [pc, #44]	; (10000828 <irq_add_tail_to_free_list+0x98>)
100007fa:	601a      	str	r2, [r3, #0]
100007fc:	f38c 8810 	msr	PRIMASK, ip
10000800:	bd70      	pop	{r4, r5, r6, pc}
10000802:	68ab      	ldr	r3, [r5, #8]
10000804:	4c0d      	ldr	r4, [pc, #52]	; (1000083c <irq_add_tail_to_free_list+0xac>)
10000806:	505c      	str	r4, [r3, r1]
10000808:	e7ef      	b.n	100007ea <irq_add_tail_to_free_list+0x5a>
1000080a:	2400      	movs	r4, #0
1000080c:	0061      	lsls	r1, r4, #1
1000080e:	1909      	adds	r1, r1, r4
10000810:	0089      	lsls	r1, r1, #2
10000812:	185b      	adds	r3, r3, r1
10000814:	21ff      	movs	r1, #255	; 0xff
10000816:	7199      	strb	r1, [r3, #6]
10000818:	4909      	ldr	r1, [pc, #36]	; (10000840 <irq_add_tail_to_free_list+0xb0>)
1000081a:	8099      	strh	r1, [r3, #4]
1000081c:	e7e5      	b.n	100007ea <irq_add_tail_to_free_list+0x5a>
1000081e:	2401      	movs	r4, #1
10000820:	e7f4      	b.n	1000080c <irq_add_tail_to_free_list+0x7c>
10000822:	2402      	movs	r4, #2
10000824:	e7f2      	b.n	1000080c <irq_add_tail_to_free_list+0x7c>
10000826:	46c0      	nop			; (mov r8, r8)
10000828:	d0000124 	.word	0xd0000124
1000082c:	2000019c 	.word	0x2000019c
10000830:	0000aaaa 	.word	0x0000aaaa
10000834:	e000ed00 	.word	0xe000ed00
10000838:	20000651 	.word	0x20000651
1000083c:	100001cd 	.word	0x100001cd
10000840:	ffffbd01 	.word	0xffffbd01

10000844 <irq_init_priorities>:
10000844:	4b05      	ldr	r3, [pc, #20]	; (1000085c <irq_init_priorities+0x18>)
10000846:	4a06      	ldr	r2, [pc, #24]	; (10000860 <irq_init_priorities+0x1c>)
10000848:	6013      	str	r3, [r2, #0]
1000084a:	4a06      	ldr	r2, [pc, #24]	; (10000864 <irq_init_priorities+0x20>)
1000084c:	6013      	str	r3, [r2, #0]
1000084e:	6053      	str	r3, [r2, #4]
10000850:	6093      	str	r3, [r2, #8]
10000852:	60d3      	str	r3, [r2, #12]
10000854:	6113      	str	r3, [r2, #16]
10000856:	6153      	str	r3, [r2, #20]
10000858:	6193      	str	r3, [r2, #24]
1000085a:	4770      	bx	lr
1000085c:	80808080 	.word	0x80808080
10000860:	e000e400 	.word	0xe000e400
10000864:	e000e404 	.word	0xe000e404

10000868 <lock_init>:
10000868:	4b02      	ldr	r3, [pc, #8]	; (10000874 <lock_init+0xc>)
1000086a:	469c      	mov	ip, r3
1000086c:	4461      	add	r1, ip
1000086e:	0089      	lsls	r1, r1, #2
10000870:	6001      	str	r1, [r0, #0]
10000872:	4770      	bx	lr
10000874:	34000040 	.word	0x34000040

10000878 <mutex_init>:
10000878:	b510      	push	{r4, lr}
1000087a:	0004      	movs	r4, r0
1000087c:	f7ff fe60 	bl	10000540 <next_striped_spin_lock_num>
10000880:	0001      	movs	r1, r0
10000882:	0020      	movs	r0, r4
10000884:	f7ff fff0 	bl	10000868 <lock_init>
10000888:	23ff      	movs	r3, #255	; 0xff
1000088a:	7123      	strb	r3, [r4, #4]
1000088c:	f3bf 8f5f 	dmb	sy
10000890:	bd10      	pop	{r4, pc}
10000892:	46c0      	nop			; (mov r8, r8)

10000894 <recursive_mutex_init>:
10000894:	b510      	push	{r4, lr}
10000896:	0004      	movs	r4, r0
10000898:	f7ff fe52 	bl	10000540 <next_striped_spin_lock_num>
1000089c:	0001      	movs	r1, r0
1000089e:	0020      	movs	r0, r4
100008a0:	f7ff ffe2 	bl	10000868 <lock_init>
100008a4:	23ff      	movs	r3, #255	; 0xff
100008a6:	80a3      	strh	r3, [r4, #4]
100008a8:	f3bf 8f5f 	dmb	sy
100008ac:	bd10      	pop	{r4, pc}
100008ae:	46c0      	nop			; (mov r8, r8)

100008b0 <timer_pool_entry_comparator>:
100008b0:	6883      	ldr	r3, [r0, #8]
100008b2:	480b      	ldr	r0, [pc, #44]	; (100008e0 <timer_pool_entry_comparator+0x30>)
100008b4:	b510      	push	{r4, lr}
100008b6:	4684      	mov	ip, r0
100008b8:	4461      	add	r1, ip
100008ba:	4462      	add	r2, ip
100008bc:	0109      	lsls	r1, r1, #4
100008be:	0112      	lsls	r2, r2, #4
100008c0:	189a      	adds	r2, r3, r2
100008c2:	1859      	adds	r1, r3, r1
100008c4:	6854      	ldr	r4, [r2, #4]
100008c6:	684b      	ldr	r3, [r1, #4]
100008c8:	2001      	movs	r0, #1
100008ca:	429c      	cmp	r4, r3
100008cc:	d801      	bhi.n	100008d2 <timer_pool_entry_comparator+0x22>
100008ce:	d002      	beq.n	100008d6 <timer_pool_entry_comparator+0x26>
100008d0:	2000      	movs	r0, #0
100008d2:	b2c0      	uxtb	r0, r0
100008d4:	bd10      	pop	{r4, pc}
100008d6:	6812      	ldr	r2, [r2, #0]
100008d8:	680b      	ldr	r3, [r1, #0]
100008da:	429a      	cmp	r2, r3
100008dc:	d8f9      	bhi.n	100008d2 <timer_pool_entry_comparator+0x22>
100008de:	e7f7      	b.n	100008d0 <timer_pool_entry_comparator+0x20>
100008e0:	0fffffff 	.word	0x0fffffff

100008e4 <sleep_until_callback>:
100008e4:	4b0a      	ldr	r3, [pc, #40]	; (10000910 <sleep_until_callback+0x2c>)
100008e6:	6819      	ldr	r1, [r3, #0]
100008e8:	f3ef 8010 	mrs	r0, PRIMASK
100008ec:	b672      	cpsid	i
100008ee:	680a      	ldr	r2, [r1, #0]
100008f0:	2a00      	cmp	r2, #0
100008f2:	d0fc      	beq.n	100008ee <sleep_until_callback+0xa>
100008f4:	f3bf 8f5f 	dmb	sy
100008f8:	681b      	ldr	r3, [r3, #0]
100008fa:	f3bf 8f5f 	dmb	sy
100008fe:	2200      	movs	r2, #0
10000900:	601a      	str	r2, [r3, #0]
10000902:	f380 8810 	msr	PRIMASK, r0
10000906:	bf40      	sev
10000908:	2000      	movs	r0, #0
1000090a:	2100      	movs	r1, #0
1000090c:	4770      	bx	lr
1000090e:	46c0      	nop			; (mov r8, r8)
10000910:	20000634 	.word	0x20000634

10000914 <add_alarm_under_lock.isra.0>:
10000914:	b5f8      	push	{r3, r4, r5, r6, r7, lr}
10000916:	4657      	mov	r7, sl
10000918:	464e      	mov	r6, r9
1000091a:	4645      	mov	r5, r8
1000091c:	46de      	mov	lr, fp
1000091e:	b5e0      	push	{r5, r6, r7, lr}
10000920:	4699      	mov	r9, r3
10000922:	ab0c      	add	r3, sp, #48	; 0x30
10000924:	781c      	ldrb	r4, [r3, #0]
10000926:	ab0d      	add	r3, sp, #52	; 0x34
10000928:	781b      	ldrb	r3, [r3, #0]
1000092a:	0006      	movs	r6, r0
1000092c:	4690      	mov	r8, r2
1000092e:	469a      	mov	sl, r3
10000930:	6807      	ldr	r7, [r0, #0]
10000932:	2c00      	cmp	r4, #0
10000934:	d111      	bne.n	1000095a <add_alarm_under_lock.isra.0+0x46>
10000936:	7bbc      	ldrb	r4, [r7, #14]
10000938:	2c00      	cmp	r4, #0
1000093a:	d042      	beq.n	100009c2 <add_alarm_under_lock.isra.0+0xae>
1000093c:	0065      	lsls	r5, r4, #1
1000093e:	683b      	ldr	r3, [r7, #0]
10000940:	192d      	adds	r5, r5, r4
10000942:	3d03      	subs	r5, #3
10000944:	1959      	adds	r1, r3, r5
10000946:	784b      	ldrb	r3, [r1, #1]
10000948:	73bb      	strb	r3, [r7, #14]
1000094a:	2b00      	cmp	r3, #0
1000094c:	d100      	bne.n	10000950 <add_alarm_under_lock.isra.0+0x3c>
1000094e:	73fb      	strb	r3, [r7, #15]
10000950:	2300      	movs	r3, #0
10000952:	708b      	strb	r3, [r1, #2]
10000954:	704b      	strb	r3, [r1, #1]
10000956:	700b      	strb	r3, [r1, #0]
10000958:	e004      	b.n	10000964 <add_alarm_under_lock.isra.0+0x50>
1000095a:	0065      	lsls	r5, r4, #1
1000095c:	683b      	ldr	r3, [r7, #0]
1000095e:	192d      	adds	r5, r5, r4
10000960:	3d03      	subs	r5, #3
10000962:	1959      	adds	r1, r3, r5
10000964:	68b2      	ldr	r2, [r6, #8]
10000966:	4b2a      	ldr	r3, [pc, #168]	; (10000a10 <add_alarm_under_lock.isra.0+0xfc>)
10000968:	4694      	mov	ip, r2
1000096a:	4642      	mov	r2, r8
1000096c:	18e3      	adds	r3, r4, r3
1000096e:	011b      	lsls	r3, r3, #4
10000970:	4463      	add	r3, ip
10000972:	601a      	str	r2, [r3, #0]
10000974:	464a      	mov	r2, r9
10000976:	605a      	str	r2, [r3, #4]
10000978:	9a0a      	ldr	r2, [sp, #40]	; 0x28
1000097a:	609a      	str	r2, [r3, #8]
1000097c:	9a0b      	ldr	r2, [sp, #44]	; 0x2c
1000097e:	60da      	str	r2, [r3, #12]
10000980:	2300      	movs	r3, #0
10000982:	708b      	strb	r3, [r1, #2]
10000984:	704b      	strb	r3, [r1, #1]
10000986:	700b      	strb	r3, [r1, #0]
10000988:	7b7b      	ldrb	r3, [r7, #13]
1000098a:	469b      	mov	fp, r3
1000098c:	2b00      	cmp	r3, #0
1000098e:	d02b      	beq.n	100009e8 <add_alarm_under_lock.isra.0+0xd4>
10000990:	0022      	movs	r2, r4
10000992:	4659      	mov	r1, fp
10000994:	68b8      	ldr	r0, [r7, #8]
10000996:	687b      	ldr	r3, [r7, #4]
10000998:	4798      	blx	r3
1000099a:	683a      	ldr	r2, [r7, #0]
1000099c:	2800      	cmp	r0, #0
1000099e:	d016      	beq.n	100009ce <add_alarm_under_lock.isra.0+0xba>
100009a0:	465b      	mov	r3, fp
100009a2:	4658      	mov	r0, fp
100009a4:	005b      	lsls	r3, r3, #1
100009a6:	445b      	add	r3, fp
100009a8:	1955      	adds	r5, r2, r5
100009aa:	3b03      	subs	r3, #3
100009ac:	70a8      	strb	r0, [r5, #2]
100009ae:	18d1      	adds	r1, r2, r3
100009b0:	5cd3      	ldrb	r3, [r2, r3]
100009b2:	2b00      	cmp	r3, #0
100009b4:	d000      	beq.n	100009b8 <add_alarm_under_lock.isra.0+0xa4>
100009b6:	706b      	strb	r3, [r5, #1]
100009b8:	465b      	mov	r3, fp
100009ba:	700c      	strb	r4, [r1, #0]
100009bc:	737b      	strb	r3, [r7, #13]
100009be:	45a3      	cmp	fp, r4
100009c0:	d013      	beq.n	100009ea <add_alarm_under_lock.isra.0+0xd6>
100009c2:	bcf0      	pop	{r4, r5, r6, r7}
100009c4:	46bb      	mov	fp, r7
100009c6:	46b2      	mov	sl, r6
100009c8:	46a9      	mov	r9, r5
100009ca:	46a0      	mov	r8, r4
100009cc:	bdf8      	pop	{r3, r4, r5, r6, r7, pc}
100009ce:	465b      	mov	r3, fp
100009d0:	005b      	lsls	r3, r3, #1
100009d2:	445b      	add	r3, fp
100009d4:	3b03      	subs	r3, #3
100009d6:	18d3      	adds	r3, r2, r3
100009d8:	709c      	strb	r4, [r3, #2]
100009da:	1951      	adds	r1, r2, r5
100009dc:	5d52      	ldrb	r2, [r2, r5]
100009de:	2a00      	cmp	r2, #0
100009e0:	d000      	beq.n	100009e4 <add_alarm_under_lock.isra.0+0xd0>
100009e2:	705a      	strb	r2, [r3, #1]
100009e4:	465b      	mov	r3, fp
100009e6:	700b      	strb	r3, [r1, #0]
100009e8:	737c      	strb	r4, [r7, #13]
100009ea:	4642      	mov	r2, r8
100009ec:	464b      	mov	r3, r9
100009ee:	7d30      	ldrb	r0, [r6, #20]
100009f0:	f000 fbba 	bl	10001168 <hardware_alarm_set_target>
100009f4:	1e05      	subs	r5, r0, #0
100009f6:	d006      	beq.n	10000a06 <add_alarm_under_lock.isra.0+0xf2>
100009f8:	4653      	mov	r3, sl
100009fa:	2b00      	cmp	r3, #0
100009fc:	d103      	bne.n	10000a06 <add_alarm_under_lock.isra.0+0xf2>
100009fe:	0021      	movs	r1, r4
10000a00:	6830      	ldr	r0, [r6, #0]
10000a02:	f000 fdd5 	bl	100015b0 <ph_remove_and_free_node>
10000a06:	9b0e      	ldr	r3, [sp, #56]	; 0x38
10000a08:	2b00      	cmp	r3, #0
10000a0a:	d0da      	beq.n	100009c2 <add_alarm_under_lock.isra.0+0xae>
10000a0c:	701d      	strb	r5, [r3, #0]
10000a0e:	e7d8      	b.n	100009c2 <add_alarm_under_lock.isra.0+0xae>
10000a10:	0fffffff 	.word	0x0fffffff

10000a14 <alarm_pool_alarm_callback>:
10000a14:	b5f0      	push	{r4, r5, r6, r7, lr}
10000a16:	46de      	mov	lr, fp
10000a18:	4657      	mov	r7, sl
10000a1a:	464e      	mov	r6, r9
10000a1c:	4645      	mov	r5, r8
10000a1e:	2300      	movs	r3, #0
10000a20:	b5e0      	push	{r5, r6, r7, lr}
10000a22:	b08b      	sub	sp, #44	; 0x2c
10000a24:	9308      	str	r3, [sp, #32]
10000a26:	4b67      	ldr	r3, [pc, #412]	; (10000bc4 <alarm_pool_alarm_callback+0x1b0>)
10000a28:	0082      	lsls	r2, r0, #2
10000a2a:	58d4      	ldr	r4, [r2, r3]
10000a2c:	2300      	movs	r3, #0
10000a2e:	469b      	mov	fp, r3
10000a30:	9009      	str	r0, [sp, #36]	; 0x24
10000a32:	f000 fb0f 	bl	10001054 <time_us_64>
10000a36:	6862      	ldr	r2, [r4, #4]
10000a38:	0006      	movs	r6, r0
10000a3a:	000f      	movs	r7, r1
10000a3c:	f3ef 8510 	mrs	r5, PRIMASK
10000a40:	b672      	cpsid	i
10000a42:	6813      	ldr	r3, [r2, #0]
10000a44:	2b00      	cmp	r3, #0
10000a46:	d0fc      	beq.n	10000a42 <alarm_pool_alarm_callback+0x2e>
10000a48:	f3bf 8f5f 	dmb	sy
10000a4c:	6823      	ldr	r3, [r4, #0]
10000a4e:	469c      	mov	ip, r3
10000a50:	7b5b      	ldrb	r3, [r3, #13]
10000a52:	4699      	mov	r9, r3
10000a54:	2b00      	cmp	r3, #0
10000a56:	d100      	bne.n	10000a5a <alarm_pool_alarm_callback+0x46>
10000a58:	e069      	b.n	10000b2e <alarm_pool_alarm_callback+0x11a>
10000a5a:	68a2      	ldr	r2, [r4, #8]
10000a5c:	4b5a      	ldr	r3, [pc, #360]	; (10000bc8 <alarm_pool_alarm_callback+0x1b4>)
10000a5e:	4690      	mov	r8, r2
10000a60:	444b      	add	r3, r9
10000a62:	011b      	lsls	r3, r3, #4
10000a64:	4498      	add	r8, r3
10000a66:	4643      	mov	r3, r8
10000a68:	681a      	ldr	r2, [r3, #0]
10000a6a:	685b      	ldr	r3, [r3, #4]
10000a6c:	0010      	movs	r0, r2
10000a6e:	0019      	movs	r1, r3
10000a70:	1b80      	subs	r0, r0, r6
10000a72:	41b9      	sbcs	r1, r7
10000a74:	2900      	cmp	r1, #0
10000a76:	dc00      	bgt.n	10000a7a <alarm_pool_alarm_callback+0x66>
10000a78:	e063      	b.n	10000b42 <alarm_pool_alarm_callback+0x12e>
10000a7a:	9809      	ldr	r0, [sp, #36]	; 0x24
10000a7c:	f000 fb74 	bl	10001168 <hardware_alarm_set_target>
10000a80:	2300      	movs	r3, #0
10000a82:	2200      	movs	r2, #0
10000a84:	4698      	mov	r8, r3
10000a86:	2300      	movs	r3, #0
10000a88:	9206      	str	r2, [sp, #24]
10000a8a:	9307      	str	r3, [sp, #28]
10000a8c:	2300      	movs	r3, #0
10000a8e:	469a      	mov	sl, r3
10000a90:	6863      	ldr	r3, [r4, #4]
10000a92:	f3bf 8f5f 	dmb	sy
10000a96:	465a      	mov	r2, fp
10000a98:	601a      	str	r2, [r3, #0]
10000a9a:	f385 8810 	msr	PRIMASK, r5
10000a9e:	4653      	mov	r3, sl
10000aa0:	2b00      	cmp	r3, #0
10000aa2:	d108      	bne.n	10000ab6 <alarm_pool_alarm_callback+0xa2>
10000aa4:	2800      	cmp	r0, #0
10000aa6:	d1c4      	bne.n	10000a32 <alarm_pool_alarm_callback+0x1e>
10000aa8:	b00b      	add	sp, #44	; 0x2c
10000aaa:	bcf0      	pop	{r4, r5, r6, r7}
10000aac:	46bb      	mov	fp, r7
10000aae:	46b2      	mov	sl, r6
10000ab0:	46a9      	mov	r9, r5
10000ab2:	46a0      	mov	r8, r4
10000ab4:	bdf0      	pop	{r4, r5, r6, r7, pc}
10000ab6:	9b08      	ldr	r3, [sp, #32]
10000ab8:	4641      	mov	r1, r8
10000aba:	0218      	lsls	r0, r3, #8
10000abc:	464b      	mov	r3, r9
10000abe:	4318      	orrs	r0, r3
10000ac0:	47d0      	blx	sl
10000ac2:	6862      	ldr	r2, [r4, #4]
10000ac4:	0006      	movs	r6, r0
10000ac6:	000f      	movs	r7, r1
10000ac8:	f3ef 8510 	mrs	r5, PRIMASK
10000acc:	b672      	cpsid	i
10000ace:	6813      	ldr	r3, [r2, #0]
10000ad0:	2b00      	cmp	r3, #0
10000ad2:	d0fc      	beq.n	10000ace <alarm_pool_alarm_callback+0xba>
10000ad4:	f3bf 8f5f 	dmb	sy
10000ad8:	2f00      	cmp	r7, #0
10000ada:	db50      	blt.n	10000b7e <alarm_pool_alarm_callback+0x16a>
10000adc:	0033      	movs	r3, r6
10000ade:	433b      	orrs	r3, r7
10000ae0:	d002      	beq.n	10000ae8 <alarm_pool_alarm_callback+0xd4>
10000ae2:	6923      	ldr	r3, [r4, #16]
10000ae4:	2b00      	cmp	r3, #0
10000ae6:	d161      	bne.n	10000bac <alarm_pool_alarm_callback+0x198>
10000ae8:	6823      	ldr	r3, [r4, #0]
10000aea:	7bd9      	ldrb	r1, [r3, #15]
10000aec:	2900      	cmp	r1, #0
10000aee:	d007      	beq.n	10000b00 <alarm_pool_alarm_callback+0xec>
10000af0:	004a      	lsls	r2, r1, #1
10000af2:	1852      	adds	r2, r2, r1
10000af4:	6819      	ldr	r1, [r3, #0]
10000af6:	468c      	mov	ip, r1
10000af8:	4649      	mov	r1, r9
10000afa:	4462      	add	r2, ip
10000afc:	3a03      	subs	r2, #3
10000afe:	7051      	strb	r1, [r2, #1]
10000b00:	7b9a      	ldrb	r2, [r3, #14]
10000b02:	2a00      	cmp	r2, #0
10000b04:	d101      	bne.n	10000b0a <alarm_pool_alarm_callback+0xf6>
10000b06:	464a      	mov	r2, r9
10000b08:	739a      	strb	r2, [r3, #14]
10000b0a:	464a      	mov	r2, r9
10000b0c:	73da      	strb	r2, [r3, #15]
10000b0e:	464b      	mov	r3, r9
10000b10:	68e1      	ldr	r1, [r4, #12]
10000b12:	3b01      	subs	r3, #1
10000b14:	5cca      	ldrb	r2, [r1, r3]
10000b16:	3201      	adds	r2, #1
10000b18:	54ca      	strb	r2, [r1, r3]
10000b1a:	465b      	mov	r3, fp
10000b1c:	6123      	str	r3, [r4, #16]
10000b1e:	6863      	ldr	r3, [r4, #4]
10000b20:	f3bf 8f5f 	dmb	sy
10000b24:	465a      	mov	r2, fp
10000b26:	601a      	str	r2, [r3, #0]
10000b28:	f385 8810 	msr	PRIMASK, r5
10000b2c:	e781      	b.n	10000a32 <alarm_pool_alarm_callback+0x1e>
10000b2e:	2300      	movs	r3, #0
10000b30:	2200      	movs	r2, #0
10000b32:	4698      	mov	r8, r3
10000b34:	2300      	movs	r3, #0
10000b36:	9206      	str	r2, [sp, #24]
10000b38:	9307      	str	r3, [sp, #28]
10000b3a:	2300      	movs	r3, #0
10000b3c:	2000      	movs	r0, #0
10000b3e:	469a      	mov	sl, r3
10000b40:	e7a6      	b.n	10000a90 <alarm_pool_alarm_callback+0x7c>
10000b42:	2900      	cmp	r1, #0
10000b44:	d102      	bne.n	10000b4c <alarm_pool_alarm_callback+0x138>
10000b46:	2800      	cmp	r0, #0
10000b48:	d000      	beq.n	10000b4c <alarm_pool_alarm_callback+0x138>
10000b4a:	e796      	b.n	10000a7a <alarm_pool_alarm_callback+0x66>
10000b4c:	2100      	movs	r1, #0
10000b4e:	4660      	mov	r0, ip
10000b50:	f000 fcac 	bl	100014ac <ph_remove_head>
10000b54:	4643      	mov	r3, r8
10000b56:	681a      	ldr	r2, [r3, #0]
10000b58:	685b      	ldr	r3, [r3, #4]
10000b5a:	9206      	str	r2, [sp, #24]
10000b5c:	9307      	str	r3, [sp, #28]
10000b5e:	4643      	mov	r3, r8
10000b60:	689b      	ldr	r3, [r3, #8]
10000b62:	469a      	mov	sl, r3
10000b64:	4643      	mov	r3, r8
10000b66:	68db      	ldr	r3, [r3, #12]
10000b68:	4698      	mov	r8, r3
10000b6a:	68e3      	ldr	r3, [r4, #12]
10000b6c:	444b      	add	r3, r9
10000b6e:	3b01      	subs	r3, #1
10000b70:	781b      	ldrb	r3, [r3, #0]
10000b72:	9308      	str	r3, [sp, #32]
10000b74:	021b      	lsls	r3, r3, #8
10000b76:	4303      	orrs	r3, r0
10000b78:	6123      	str	r3, [r4, #16]
10000b7a:	2000      	movs	r0, #0
10000b7c:	e788      	b.n	10000a90 <alarm_pool_alarm_callback+0x7c>
10000b7e:	6923      	ldr	r3, [r4, #16]
10000b80:	2b00      	cmp	r3, #0
10000b82:	d0b1      	beq.n	10000ae8 <alarm_pool_alarm_callback+0xd4>
10000b84:	9a06      	ldr	r2, [sp, #24]
10000b86:	9b07      	ldr	r3, [sp, #28]
10000b88:	1b92      	subs	r2, r2, r6
10000b8a:	41bb      	sbcs	r3, r7
10000b8c:	2b00      	cmp	r3, #0
10000b8e:	db15      	blt.n	10000bbc <alarm_pool_alarm_callback+0x1a8>
10000b90:	4659      	mov	r1, fp
10000b92:	9104      	str	r1, [sp, #16]
10000b94:	2101      	movs	r1, #1
10000b96:	9103      	str	r1, [sp, #12]
10000b98:	4649      	mov	r1, r9
10000b9a:	9102      	str	r1, [sp, #8]
10000b9c:	4641      	mov	r1, r8
10000b9e:	9101      	str	r1, [sp, #4]
10000ba0:	4651      	mov	r1, sl
10000ba2:	0020      	movs	r0, r4
10000ba4:	9100      	str	r1, [sp, #0]
10000ba6:	f7ff feb5 	bl	10000914 <add_alarm_under_lock.isra.0>
10000baa:	e7b6      	b.n	10000b1a <alarm_pool_alarm_callback+0x106>
10000bac:	f000 fa52 	bl	10001054 <time_us_64>
10000bb0:	0032      	movs	r2, r6
10000bb2:	003b      	movs	r3, r7
10000bb4:	1812      	adds	r2, r2, r0
10000bb6:	414b      	adcs	r3, r1
10000bb8:	2b00      	cmp	r3, #0
10000bba:	dae9      	bge.n	10000b90 <alarm_pool_alarm_callback+0x17c>
10000bbc:	2201      	movs	r2, #1
10000bbe:	4b03      	ldr	r3, [pc, #12]	; (10000bcc <alarm_pool_alarm_callback+0x1b8>)
10000bc0:	4252      	negs	r2, r2
10000bc2:	e7e5      	b.n	10000b90 <alarm_pool_alarm_callback+0x17c>
10000bc4:	20000620 	.word	0x20000620
10000bc8:	0fffffff 	.word	0x0fffffff
10000bcc:	7fffffff 	.word	0x7fffffff

10000bd0 <alarm_pool_init_default>:
10000bd0:	b510      	push	{r4, lr}
10000bd2:	4c14      	ldr	r4, [pc, #80]	; (10000c24 <alarm_pool_init_default+0x54>)
10000bd4:	6863      	ldr	r3, [r4, #4]
10000bd6:	2b00      	cmp	r3, #0
10000bd8:	d004      	beq.n	10000be4 <alarm_pool_init_default+0x14>
10000bda:	210a      	movs	r1, #10
10000bdc:	4812      	ldr	r0, [pc, #72]	; (10000c28 <alarm_pool_init_default+0x58>)
10000bde:	f7ff fe43 	bl	10000868 <lock_init>
10000be2:	bd10      	pop	{r4, pc}
10000be4:	0023      	movs	r3, r4
10000be6:	4a11      	ldr	r2, [pc, #68]	; (10000c2c <alarm_pool_init_default+0x5c>)
10000be8:	2110      	movs	r1, #16
10000bea:	6820      	ldr	r0, [r4, #0]
10000bec:	f000 fb78 	bl	100012e0 <ph_post_alloc_init>
10000bf0:	2003      	movs	r0, #3
10000bf2:	f000 fa23 	bl	1000103c <hardware_alarm_claim>
10000bf6:	2003      	movs	r0, #3
10000bf8:	f000 fb20 	bl	1000123c <hardware_alarm_cancel>
10000bfc:	2003      	movs	r0, #3
10000bfe:	490c      	ldr	r1, [pc, #48]	; (10000c30 <alarm_pool_init_default+0x60>)
10000c00:	f000 fa6c 	bl	100010dc <hardware_alarm_set_callback>
10000c04:	f7ff fc9c 	bl	10000540 <next_striped_spin_lock_num>
10000c08:	4b0a      	ldr	r3, [pc, #40]	; (10000c34 <alarm_pool_init_default+0x64>)
10000c0a:	469c      	mov	ip, r3
10000c0c:	2303      	movs	r3, #3
10000c0e:	7523      	strb	r3, [r4, #20]
10000c10:	23d0      	movs	r3, #208	; 0xd0
10000c12:	061b      	lsls	r3, r3, #24
10000c14:	681b      	ldr	r3, [r3, #0]
10000c16:	4460      	add	r0, ip
10000c18:	7563      	strb	r3, [r4, #21]
10000c1a:	4b07      	ldr	r3, [pc, #28]	; (10000c38 <alarm_pool_init_default+0x68>)
10000c1c:	0080      	lsls	r0, r0, #2
10000c1e:	6060      	str	r0, [r4, #4]
10000c20:	60dc      	str	r4, [r3, #12]
10000c22:	e7da      	b.n	10000bda <alarm_pool_init_default+0xa>
10000c24:	200001e4 	.word	0x200001e4
10000c28:	20000634 	.word	0x20000634
10000c2c:	100008b1 	.word	0x100008b1
10000c30:	10000a15 	.word	0x10000a15
10000c34:	34000040 	.word	0x34000040
10000c38:	20000620 	.word	0x20000620

10000c3c <alarm_pool_add_alarm_at>:
10000c3c:	b5f0      	push	{r4, r5, r6, r7, lr}
10000c3e:	464e      	mov	r6, r9
10000c40:	4645      	mov	r5, r8
10000c42:	46de      	mov	lr, fp
10000c44:	4657      	mov	r7, sl
10000c46:	b5e0      	push	{r5, r6, r7, lr}
10000c48:	b085      	sub	sp, #20
10000c4a:	9301      	str	r3, [sp, #4]
10000c4c:	ab10      	add	r3, sp, #64	; 0x40
10000c4e:	781b      	ldrb	r3, [r3, #0]
10000c50:	0006      	movs	r6, r0
10000c52:	9303      	str	r3, [sp, #12]
10000c54:	2300      	movs	r3, #0
10000c56:	4699      	mov	r9, r3
10000c58:	4698      	mov	r8, r3
10000c5a:	9200      	str	r2, [sp, #0]
10000c5c:	6872      	ldr	r2, [r6, #4]
10000c5e:	f3ef 8b10 	mrs	fp, PRIMASK
10000c62:	b672      	cpsid	i
10000c64:	6813      	ldr	r3, [r2, #0]
10000c66:	2b00      	cmp	r3, #0
10000c68:	d0fc      	beq.n	10000c64 <alarm_pool_add_alarm_at+0x28>
10000c6a:	f3bf 8f5f 	dmb	sy
10000c6e:	6835      	ldr	r5, [r6, #0]
10000c70:	7bac      	ldrb	r4, [r5, #14]
10000c72:	2c00      	cmp	r4, #0
10000c74:	d03d      	beq.n	10000cf2 <alarm_pool_add_alarm_at+0xb6>
10000c76:	0067      	lsls	r7, r4, #1
10000c78:	682b      	ldr	r3, [r5, #0]
10000c7a:	193f      	adds	r7, r7, r4
10000c7c:	3f03      	subs	r7, #3
10000c7e:	19db      	adds	r3, r3, r7
10000c80:	785a      	ldrb	r2, [r3, #1]
10000c82:	73aa      	strb	r2, [r5, #14]
10000c84:	2a00      	cmp	r2, #0
10000c86:	d100      	bne.n	10000c8a <alarm_pool_add_alarm_at+0x4e>
10000c88:	73ea      	strb	r2, [r5, #15]
10000c8a:	68b1      	ldr	r1, [r6, #8]
10000c8c:	4a47      	ldr	r2, [pc, #284]	; (10000dac <alarm_pool_add_alarm_at+0x170>)
10000c8e:	468c      	mov	ip, r1
10000c90:	9800      	ldr	r0, [sp, #0]
10000c92:	9901      	ldr	r1, [sp, #4]
10000c94:	18a2      	adds	r2, r4, r2
10000c96:	0112      	lsls	r2, r2, #4
10000c98:	4462      	add	r2, ip
10000c9a:	6010      	str	r0, [r2, #0]
10000c9c:	6051      	str	r1, [r2, #4]
10000c9e:	990e      	ldr	r1, [sp, #56]	; 0x38
10000ca0:	6091      	str	r1, [r2, #8]
10000ca2:	990f      	ldr	r1, [sp, #60]	; 0x3c
10000ca4:	60d1      	str	r1, [r2, #12]
10000ca6:	4642      	mov	r2, r8
10000ca8:	709a      	strb	r2, [r3, #2]
10000caa:	705a      	strb	r2, [r3, #1]
10000cac:	701a      	strb	r2, [r3, #0]
10000cae:	7b6b      	ldrb	r3, [r5, #13]
10000cb0:	469a      	mov	sl, r3
10000cb2:	2b00      	cmp	r3, #0
10000cb4:	d067      	beq.n	10000d86 <alarm_pool_add_alarm_at+0x14a>
10000cb6:	0022      	movs	r2, r4
10000cb8:	0019      	movs	r1, r3
10000cba:	68a8      	ldr	r0, [r5, #8]
10000cbc:	686b      	ldr	r3, [r5, #4]
10000cbe:	4798      	blx	r3
10000cc0:	682a      	ldr	r2, [r5, #0]
10000cc2:	2800      	cmp	r0, #0
10000cc4:	d052      	beq.n	10000d6c <alarm_pool_add_alarm_at+0x130>
10000cc6:	4653      	mov	r3, sl
10000cc8:	4650      	mov	r0, sl
10000cca:	005b      	lsls	r3, r3, #1
10000ccc:	4453      	add	r3, sl
10000cce:	19d7      	adds	r7, r2, r7
10000cd0:	3b03      	subs	r3, #3
10000cd2:	70b8      	strb	r0, [r7, #2]
10000cd4:	18d1      	adds	r1, r2, r3
10000cd6:	5cd3      	ldrb	r3, [r2, r3]
10000cd8:	2b00      	cmp	r3, #0
10000cda:	d000      	beq.n	10000cde <alarm_pool_add_alarm_at+0xa2>
10000cdc:	707b      	strb	r3, [r7, #1]
10000cde:	4653      	mov	r3, sl
10000ce0:	700c      	strb	r4, [r1, #0]
10000ce2:	736b      	strb	r3, [r5, #13]
10000ce4:	4554      	cmp	r4, sl
10000ce6:	d04f      	beq.n	10000d88 <alarm_pool_add_alarm_at+0x14c>
10000ce8:	68f3      	ldr	r3, [r6, #12]
10000cea:	191b      	adds	r3, r3, r4
10000cec:	3b01      	subs	r3, #1
10000cee:	7818      	ldrb	r0, [r3, #0]
10000cf0:	e000      	b.n	10000cf4 <alarm_pool_add_alarm_at+0xb8>
10000cf2:	2000      	movs	r0, #0
10000cf4:	6873      	ldr	r3, [r6, #4]
10000cf6:	f3bf 8f5f 	dmb	sy
10000cfa:	4642      	mov	r2, r8
10000cfc:	601a      	str	r2, [r3, #0]
10000cfe:	f38b 8810 	msr	PRIMASK, fp
10000d02:	2c00      	cmp	r4, #0
10000d04:	d04f      	beq.n	10000da6 <alarm_pool_add_alarm_at+0x16a>
10000d06:	464b      	mov	r3, r9
10000d08:	2b00      	cmp	r3, #0
10000d0a:	d108      	bne.n	10000d1e <alarm_pool_add_alarm_at+0xe2>
10000d0c:	0200      	lsls	r0, r0, #8
10000d0e:	4320      	orrs	r0, r4
10000d10:	b005      	add	sp, #20
10000d12:	bcf0      	pop	{r4, r5, r6, r7}
10000d14:	46bb      	mov	fp, r7
10000d16:	46b2      	mov	sl, r6
10000d18:	46a9      	mov	r9, r5
10000d1a:	46a0      	mov	r8, r4
10000d1c:	bdf0      	pop	{r4, r5, r6, r7, pc}
10000d1e:	9b03      	ldr	r3, [sp, #12]
10000d20:	2b00      	cmp	r3, #0
10000d22:	d03e      	beq.n	10000da2 <alarm_pool_add_alarm_at+0x166>
10000d24:	9b0e      	ldr	r3, [sp, #56]	; 0x38
10000d26:	2000      	movs	r0, #0
10000d28:	990f      	ldr	r1, [sp, #60]	; 0x3c
10000d2a:	4798      	blx	r3
10000d2c:	0003      	movs	r3, r0
10000d2e:	0004      	movs	r4, r0
10000d30:	000d      	movs	r5, r1
10000d32:	430b      	orrs	r3, r1
10000d34:	d035      	beq.n	10000da2 <alarm_pool_add_alarm_at+0x166>
10000d36:	2900      	cmp	r1, #0
10000d38:	da0a      	bge.n	10000d50 <alarm_pool_add_alarm_at+0x114>
10000d3a:	9a00      	ldr	r2, [sp, #0]
10000d3c:	9b01      	ldr	r3, [sp, #4]
10000d3e:	1b12      	subs	r2, r2, r4
10000d40:	41ab      	sbcs	r3, r5
10000d42:	9200      	str	r2, [sp, #0]
10000d44:	9301      	str	r3, [sp, #4]
10000d46:	2b00      	cmp	r3, #0
10000d48:	db0a      	blt.n	10000d60 <alarm_pool_add_alarm_at+0x124>
10000d4a:	9b03      	ldr	r3, [sp, #12]
10000d4c:	4699      	mov	r9, r3
10000d4e:	e785      	b.n	10000c5c <alarm_pool_add_alarm_at+0x20>
10000d50:	f000 f980 	bl	10001054 <time_us_64>
10000d54:	1824      	adds	r4, r4, r0
10000d56:	414d      	adcs	r5, r1
10000d58:	9400      	str	r4, [sp, #0]
10000d5a:	9501      	str	r5, [sp, #4]
10000d5c:	2d00      	cmp	r5, #0
10000d5e:	daf4      	bge.n	10000d4a <alarm_pool_add_alarm_at+0x10e>
10000d60:	2301      	movs	r3, #1
10000d62:	4c13      	ldr	r4, [pc, #76]	; (10000db0 <alarm_pool_add_alarm_at+0x174>)
10000d64:	425b      	negs	r3, r3
10000d66:	9300      	str	r3, [sp, #0]
10000d68:	9401      	str	r4, [sp, #4]
10000d6a:	e7ee      	b.n	10000d4a <alarm_pool_add_alarm_at+0x10e>
10000d6c:	4653      	mov	r3, sl
10000d6e:	005b      	lsls	r3, r3, #1
10000d70:	4453      	add	r3, sl
10000d72:	3b03      	subs	r3, #3
10000d74:	18d3      	adds	r3, r2, r3
10000d76:	709c      	strb	r4, [r3, #2]
10000d78:	19d1      	adds	r1, r2, r7
10000d7a:	5dd2      	ldrb	r2, [r2, r7]
10000d7c:	2a00      	cmp	r2, #0
10000d7e:	d000      	beq.n	10000d82 <alarm_pool_add_alarm_at+0x146>
10000d80:	705a      	strb	r2, [r3, #1]
10000d82:	4653      	mov	r3, sl
10000d84:	700b      	strb	r3, [r1, #0]
10000d86:	736c      	strb	r4, [r5, #13]
10000d88:	7d30      	ldrb	r0, [r6, #20]
10000d8a:	9a00      	ldr	r2, [sp, #0]
10000d8c:	9b01      	ldr	r3, [sp, #4]
10000d8e:	f000 f9eb 	bl	10001168 <hardware_alarm_set_target>
10000d92:	4681      	mov	r9, r0
10000d94:	2800      	cmp	r0, #0
10000d96:	d0a7      	beq.n	10000ce8 <alarm_pool_add_alarm_at+0xac>
10000d98:	0021      	movs	r1, r4
10000d9a:	6830      	ldr	r0, [r6, #0]
10000d9c:	f000 fc08 	bl	100015b0 <ph_remove_and_free_node>
10000da0:	e7a2      	b.n	10000ce8 <alarm_pool_add_alarm_at+0xac>
10000da2:	2000      	movs	r0, #0
10000da4:	e7b4      	b.n	10000d10 <alarm_pool_add_alarm_at+0xd4>
10000da6:	2001      	movs	r0, #1
10000da8:	4240      	negs	r0, r0
10000daa:	e7b1      	b.n	10000d10 <alarm_pool_add_alarm_at+0xd4>
10000dac:	0fffffff 	.word	0x0fffffff
10000db0:	7fffffff 	.word	0x7fffffff

10000db4 <sleep_until>:
10000db4:	b5f0      	push	{r4, r5, r6, r7, lr}
10000db6:	0004      	movs	r4, r0
10000db8:	000d      	movs	r5, r1
10000dba:	2606      	movs	r6, #6
10000dbc:	4276      	negs	r6, r6
10000dbe:	17f7      	asrs	r7, r6, #31
10000dc0:	46c6      	mov	lr, r8
10000dc2:	1936      	adds	r6, r6, r4
10000dc4:	416f      	adcs	r7, r5
10000dc6:	b500      	push	{lr}
10000dc8:	b084      	sub	sp, #16
10000dca:	428f      	cmp	r7, r1
10000dcc:	d814      	bhi.n	10000df8 <sleep_until+0x44>
10000dce:	d011      	beq.n	10000df4 <sleep_until+0x40>
10000dd0:	f000 f940 	bl	10001054 <time_us_64>
10000dd4:	0032      	movs	r2, r6
10000dd6:	003b      	movs	r3, r7
10000dd8:	1a12      	subs	r2, r2, r0
10000dda:	418b      	sbcs	r3, r1
10000ddc:	2b00      	cmp	r3, #0
10000dde:	dc15      	bgt.n	10000e0c <sleep_until+0x58>
10000de0:	2b00      	cmp	r3, #0
10000de2:	d03e      	beq.n	10000e62 <sleep_until+0xae>
10000de4:	0020      	movs	r0, r4
10000de6:	0029      	movs	r1, r5
10000de8:	f000 f968 	bl	100010bc <busy_wait_until>
10000dec:	b004      	add	sp, #16
10000dee:	bc80      	pop	{r7}
10000df0:	46b8      	mov	r8, r7
10000df2:	bdf0      	pop	{r4, r5, r6, r7, pc}
10000df4:	4286      	cmp	r6, r0
10000df6:	d9eb      	bls.n	10000dd0 <sleep_until+0x1c>
10000df8:	2600      	movs	r6, #0
10000dfa:	2700      	movs	r7, #0
10000dfc:	f000 f92a 	bl	10001054 <time_us_64>
10000e00:	0032      	movs	r2, r6
10000e02:	003b      	movs	r3, r7
10000e04:	1a12      	subs	r2, r2, r0
10000e06:	418b      	sbcs	r3, r1
10000e08:	2b00      	cmp	r3, #0
10000e0a:	dde9      	ble.n	10000de0 <sleep_until+0x2c>
10000e0c:	2300      	movs	r3, #0
10000e0e:	9302      	str	r3, [sp, #8]
10000e10:	9301      	str	r3, [sp, #4]
10000e12:	4b15      	ldr	r3, [pc, #84]	; (10000e68 <sleep_until+0xb4>)
10000e14:	0032      	movs	r2, r6
10000e16:	9300      	str	r3, [sp, #0]
10000e18:	4814      	ldr	r0, [pc, #80]	; (10000e6c <sleep_until+0xb8>)
10000e1a:	003b      	movs	r3, r7
10000e1c:	f7ff ff0e 	bl	10000c3c <alarm_pool_add_alarm_at>
10000e20:	2800      	cmp	r0, #0
10000e22:	dbdf      	blt.n	10000de4 <sleep_until+0x30>
10000e24:	2300      	movs	r3, #0
10000e26:	4698      	mov	r8, r3
10000e28:	46bc      	mov	ip, r7
10000e2a:	4a11      	ldr	r2, [pc, #68]	; (10000e70 <sleep_until+0xbc>)
10000e2c:	4f11      	ldr	r7, [pc, #68]	; (10000e74 <sleep_until+0xc0>)
10000e2e:	6a7b      	ldr	r3, [r7, #36]	; 0x24
10000e30:	459c      	cmp	ip, r3
10000e32:	d804      	bhi.n	10000e3e <sleep_until+0x8a>
10000e34:	6ab9      	ldr	r1, [r7, #40]	; 0x28
10000e36:	428e      	cmp	r6, r1
10000e38:	d9d4      	bls.n	10000de4 <sleep_until+0x30>
10000e3a:	459c      	cmp	ip, r3
10000e3c:	d1d2      	bne.n	10000de4 <sleep_until+0x30>
10000e3e:	6811      	ldr	r1, [r2, #0]
10000e40:	f3ef 8010 	mrs	r0, PRIMASK
10000e44:	b672      	cpsid	i
10000e46:	680b      	ldr	r3, [r1, #0]
10000e48:	2b00      	cmp	r3, #0
10000e4a:	d0fc      	beq.n	10000e46 <sleep_until+0x92>
10000e4c:	f3bf 8f5f 	dmb	sy
10000e50:	6813      	ldr	r3, [r2, #0]
10000e52:	f3bf 8f5f 	dmb	sy
10000e56:	4641      	mov	r1, r8
10000e58:	6019      	str	r1, [r3, #0]
10000e5a:	f380 8810 	msr	PRIMASK, r0
10000e5e:	bf20      	wfe
10000e60:	e7e5      	b.n	10000e2e <sleep_until+0x7a>
10000e62:	2a00      	cmp	r2, #0
10000e64:	d0be      	beq.n	10000de4 <sleep_until+0x30>
10000e66:	e7d1      	b.n	10000e0c <sleep_until+0x58>
10000e68:	100008e5 	.word	0x100008e5
10000e6c:	200001e4 	.word	0x200001e4
10000e70:	20000634 	.word	0x20000634
10000e74:	40054000 	.word	0x40054000

10000e78 <sleep_ms>:
10000e78:	b570      	push	{r4, r5, r6, lr}
10000e7a:	0006      	movs	r6, r0
10000e7c:	f000 f8ea 	bl	10001054 <time_us_64>
10000e80:	22fa      	movs	r2, #250	; 0xfa
10000e82:	0004      	movs	r4, r0
10000e84:	000d      	movs	r5, r1
10000e86:	2300      	movs	r3, #0
10000e88:	0030      	movs	r0, r6
10000e8a:	2100      	movs	r1, #0
10000e8c:	0092      	lsls	r2, r2, #2
10000e8e:	f000 ffe7 	bl	10001e60 <__wrap___aeabi_lmul>
10000e92:	1900      	adds	r0, r0, r4
10000e94:	4169      	adcs	r1, r5
10000e96:	2900      	cmp	r1, #0
10000e98:	db02      	blt.n	10000ea0 <sleep_ms+0x28>
10000e9a:	f7ff ff8b 	bl	10000db4 <sleep_until>
10000e9e:	bd70      	pop	{r4, r5, r6, pc}
10000ea0:	2001      	movs	r0, #1
10000ea2:	4901      	ldr	r1, [pc, #4]	; (10000ea8 <sleep_ms+0x30>)
10000ea4:	4240      	negs	r0, r0
10000ea6:	e7f8      	b.n	10000e9a <sleep_ms+0x22>
10000ea8:	7fffffff 	.word	0x7fffffff

10000eac <best_effort_wfe_or_timeout>:
10000eac:	b5f0      	push	{r4, r5, r6, r7, lr}
10000eae:	f3ef 8305 	mrs	r3, IPSR
10000eb2:	46ce      	mov	lr, r9
10000eb4:	4647      	mov	r7, r8
10000eb6:	b580      	push	{r7, lr}
10000eb8:	0005      	movs	r5, r0
10000eba:	000c      	movs	r4, r1
10000ebc:	b085      	sub	sp, #20
10000ebe:	2b00      	cmp	r3, #0
10000ec0:	d012      	beq.n	10000ee8 <best_effort_wfe_or_timeout+0x3c>
10000ec2:	4a2c      	ldr	r2, [pc, #176]	; (10000f74 <best_effort_wfe_or_timeout+0xc8>)
10000ec4:	2000      	movs	r0, #0
10000ec6:	6a53      	ldr	r3, [r2, #36]	; 0x24
10000ec8:	429c      	cmp	r4, r3
10000eca:	d803      	bhi.n	10000ed4 <best_effort_wfe_or_timeout+0x28>
10000ecc:	6a92      	ldr	r2, [r2, #40]	; 0x28
10000ece:	3001      	adds	r0, #1
10000ed0:	42aa      	cmp	r2, r5
10000ed2:	d304      	bcc.n	10000ede <best_effort_wfe_or_timeout+0x32>
10000ed4:	b005      	add	sp, #20
10000ed6:	bcc0      	pop	{r6, r7}
10000ed8:	46b9      	mov	r9, r7
10000eda:	46b0      	mov	r8, r6
10000edc:	bdf0      	pop	{r4, r5, r6, r7, pc}
10000ede:	1ae0      	subs	r0, r4, r3
10000ee0:	1e42      	subs	r2, r0, #1
10000ee2:	4190      	sbcs	r0, r2
10000ee4:	b2c0      	uxtb	r0, r0
10000ee6:	e7f5      	b.n	10000ed4 <best_effort_wfe_or_timeout+0x28>
10000ee8:	4e23      	ldr	r6, [pc, #140]	; (10000f78 <best_effort_wfe_or_timeout+0xcc>)
10000eea:	9302      	str	r3, [sp, #8]
10000eec:	9301      	str	r3, [sp, #4]
10000eee:	4b23      	ldr	r3, [pc, #140]	; (10000f7c <best_effort_wfe_or_timeout+0xd0>)
10000ef0:	0002      	movs	r2, r0
10000ef2:	9300      	str	r3, [sp, #0]
10000ef4:	0030      	movs	r0, r6
10000ef6:	000b      	movs	r3, r1
10000ef8:	f7ff fea0 	bl	10000c3c <alarm_pool_add_alarm_at>
10000efc:	1e03      	subs	r3, r0, #0
10000efe:	dde0      	ble.n	10000ec2 <best_effort_wfe_or_timeout+0x16>
10000f00:	bf20      	wfe
10000f02:	6871      	ldr	r1, [r6, #4]
10000f04:	f3ef 8710 	mrs	r7, PRIMASK
10000f08:	b672      	cpsid	i
10000f0a:	680a      	ldr	r2, [r1, #0]
10000f0c:	2a00      	cmp	r2, #0
10000f0e:	d0fc      	beq.n	10000f0a <best_effort_wfe_or_timeout+0x5e>
10000f10:	f3bf 8f5f 	dmb	sy
10000f14:	b2da      	uxtb	r2, r3
10000f16:	4694      	mov	ip, r2
10000f18:	6830      	ldr	r0, [r6, #0]
10000f1a:	7b42      	ldrb	r2, [r0, #13]
10000f1c:	4562      	cmp	r2, ip
10000f1e:	d01d      	beq.n	10000f5c <best_effort_wfe_or_timeout+0xb0>
10000f20:	22ff      	movs	r2, #255	; 0xff
10000f22:	401a      	ands	r2, r3
10000f24:	0051      	lsls	r1, r2, #1
10000f26:	4689      	mov	r9, r1
10000f28:	6801      	ldr	r1, [r0, #0]
10000f2a:	4491      	add	r9, r2
10000f2c:	4688      	mov	r8, r1
10000f2e:	4649      	mov	r1, r9
10000f30:	4441      	add	r1, r8
10000f32:	3903      	subs	r1, #3
10000f34:	7889      	ldrb	r1, [r1, #2]
10000f36:	2900      	cmp	r1, #0
10000f38:	d013      	beq.n	10000f62 <best_effort_wfe_or_timeout+0xb6>
10000f3a:	68f1      	ldr	r1, [r6, #12]
10000f3c:	0a1b      	lsrs	r3, r3, #8
10000f3e:	4688      	mov	r8, r1
10000f40:	4442      	add	r2, r8
10000f42:	3a01      	subs	r2, #1
10000f44:	7812      	ldrb	r2, [r2, #0]
10000f46:	b2db      	uxtb	r3, r3
10000f48:	429a      	cmp	r2, r3
10000f4a:	d00f      	beq.n	10000f6c <best_effort_wfe_or_timeout+0xc0>
10000f4c:	6873      	ldr	r3, [r6, #4]
10000f4e:	f3bf 8f5f 	dmb	sy
10000f52:	2200      	movs	r2, #0
10000f54:	601a      	str	r2, [r3, #0]
10000f56:	f387 8810 	msr	PRIMASK, r7
10000f5a:	e7b2      	b.n	10000ec2 <best_effort_wfe_or_timeout+0x16>
10000f5c:	22ff      	movs	r2, #255	; 0xff
10000f5e:	401a      	ands	r2, r3
10000f60:	e7eb      	b.n	10000f3a <best_effort_wfe_or_timeout+0x8e>
10000f62:	6932      	ldr	r2, [r6, #16]
10000f64:	4293      	cmp	r3, r2
10000f66:	d1f1      	bne.n	10000f4c <best_effort_wfe_or_timeout+0xa0>
10000f68:	6131      	str	r1, [r6, #16]
10000f6a:	e7ef      	b.n	10000f4c <best_effort_wfe_or_timeout+0xa0>
10000f6c:	4661      	mov	r1, ip
10000f6e:	f000 fb1f 	bl	100015b0 <ph_remove_and_free_node>
10000f72:	e7eb      	b.n	10000f4c <best_effort_wfe_or_timeout+0xa0>
10000f74:	40054000 	.word	0x40054000
10000f78:	200001e4 	.word	0x200001e4
10000f7c:	100008e5 	.word	0x100008e5

10000f80 <hardware_alarm_irq_handler>:
10000f80:	b5f0      	push	{r4, r5, r6, r7, lr}
10000f82:	f3ef 8205 	mrs	r2, IPSR
10000f86:	46d6      	mov	lr, sl
10000f88:	464f      	mov	r7, r9
10000f8a:	4646      	mov	r6, r8
10000f8c:	0010      	movs	r0, r2
10000f8e:	b5c0      	push	{r6, r7, lr}
10000f90:	3810      	subs	r0, #16
10000f92:	f3ef 8810 	mrs	r8, PRIMASK
10000f96:	b672      	cpsid	i
10000f98:	4c21      	ldr	r4, [pc, #132]	; (10001020 <hardware_alarm_irq_handler+0xa0>)
10000f9a:	6823      	ldr	r3, [r4, #0]
10000f9c:	2b00      	cmp	r3, #0
10000f9e:	d0fc      	beq.n	10000f9a <hardware_alarm_irq_handler+0x1a>
10000fa0:	f3bf 8f5f 	dmb	sy
10000fa4:	2301      	movs	r3, #1
10000fa6:	0019      	movs	r1, r3
10000fa8:	4081      	lsls	r1, r0
10000faa:	4d1e      	ldr	r5, [pc, #120]	; (10001024 <hardware_alarm_irq_handler+0xa4>)
10000fac:	001f      	movs	r7, r3
10000fae:	6369      	str	r1, [r5, #52]	; 0x34
10000fb0:	46aa      	mov	sl, r5
10000fb2:	4d1d      	ldr	r5, [pc, #116]	; (10001028 <hardware_alarm_irq_handler+0xa8>)
10000fb4:	6029      	str	r1, [r5, #0]
10000fb6:	4d1d      	ldr	r5, [pc, #116]	; (1000102c <hardware_alarm_irq_handler+0xac>)
10000fb8:	782e      	ldrb	r6, [r5, #0]
10000fba:	46ac      	mov	ip, r5
10000fbc:	0035      	movs	r5, r6
10000fbe:	40c5      	lsrs	r5, r0
10000fc0:	402f      	ands	r7, r5
10000fc2:	422b      	tst	r3, r5
10000fc4:	d109      	bne.n	10000fda <hardware_alarm_irq_handler+0x5a>
10000fc6:	f3bf 8f5f 	dmb	sy
10000fca:	6027      	str	r7, [r4, #0]
10000fcc:	f388 8810 	msr	PRIMASK, r8
10000fd0:	bce0      	pop	{r5, r6, r7}
10000fd2:	46ba      	mov	sl, r7
10000fd4:	46b1      	mov	r9, r6
10000fd6:	46a8      	mov	r8, r5
10000fd8:	bdf0      	pop	{r4, r5, r6, r7, pc}
10000fda:	4653      	mov	r3, sl
10000fdc:	4d14      	ldr	r5, [pc, #80]	; (10001030 <hardware_alarm_irq_handler+0xb0>)
10000fde:	6a5f      	ldr	r7, [r3, #36]	; 0x24
10000fe0:	0083      	lsls	r3, r0, #2
10000fe2:	595d      	ldr	r5, [r3, r5]
10000fe4:	42af      	cmp	r7, r5
10000fe6:	d30e      	bcc.n	10001006 <hardware_alarm_irq_handler+0x86>
10000fe8:	4a12      	ldr	r2, [pc, #72]	; (10001034 <hardware_alarm_irq_handler+0xb4>)
10000fea:	438e      	bics	r6, r1
10000fec:	589b      	ldr	r3, [r3, r2]
10000fee:	4662      	mov	r2, ip
10000ff0:	7016      	strb	r6, [r2, #0]
10000ff2:	f3bf 8f5f 	dmb	sy
10000ff6:	2200      	movs	r2, #0
10000ff8:	6022      	str	r2, [r4, #0]
10000ffa:	f388 8810 	msr	PRIMASK, r8
10000ffe:	2b00      	cmp	r3, #0
10001000:	d0e6      	beq.n	10000fd0 <hardware_alarm_irq_handler+0x50>
10001002:	4798      	blx	r3
10001004:	e7e4      	b.n	10000fd0 <hardware_alarm_irq_handler+0x50>
10001006:	4b0c      	ldr	r3, [pc, #48]	; (10001038 <hardware_alarm_irq_handler+0xb8>)
10001008:	0092      	lsls	r2, r2, #2
1000100a:	469c      	mov	ip, r3
1000100c:	4462      	add	r2, ip
1000100e:	6813      	ldr	r3, [r2, #0]
10001010:	6013      	str	r3, [r2, #0]
10001012:	f3bf 8f5f 	dmb	sy
10001016:	2300      	movs	r3, #0
10001018:	6023      	str	r3, [r4, #0]
1000101a:	f388 8810 	msr	PRIMASK, r8
1000101e:	e7d7      	b.n	10000fd0 <hardware_alarm_irq_handler+0x50>
10001020:	d0000128 	.word	0xd0000128
10001024:	40054000 	.word	0x40054000
10001028:	4005703c 	.word	0x4005703c
1000102c:	20000652 	.word	0x20000652
10001030:	20000638 	.word	0x20000638
10001034:	20000594 	.word	0x20000594
10001038:	40053fd0 	.word	0x40053fd0

1000103c <hardware_alarm_claim>:
1000103c:	b510      	push	{r4, lr}
1000103e:	0001      	movs	r1, r0
10001040:	4a02      	ldr	r2, [pc, #8]	; (1000104c <hardware_alarm_claim+0x10>)
10001042:	4803      	ldr	r0, [pc, #12]	; (10001050 <hardware_alarm_claim+0x14>)
10001044:	f7ff fa4c 	bl	100004e0 <hw_claim_or_assert>
10001048:	bd10      	pop	{r4, pc}
1000104a:	46c0      	nop			; (mov r8, r8)
1000104c:	100024d0 	.word	0x100024d0
10001050:	20000650 	.word	0x20000650

10001054 <time_us_64>:
10001054:	4b03      	ldr	r3, [pc, #12]	; (10001064 <time_us_64+0x10>)
10001056:	6a59      	ldr	r1, [r3, #36]	; 0x24
10001058:	000a      	movs	r2, r1
1000105a:	6a98      	ldr	r0, [r3, #40]	; 0x28
1000105c:	6a59      	ldr	r1, [r3, #36]	; 0x24
1000105e:	428a      	cmp	r2, r1
10001060:	d1fa      	bne.n	10001058 <time_us_64+0x4>
10001062:	4770      	bx	lr
10001064:	40054000 	.word	0x40054000

10001068 <busy_wait_us>:
10001068:	b570      	push	{r4, r5, r6, lr}
1000106a:	0004      	movs	r4, r0
1000106c:	000d      	movs	r5, r1
1000106e:	4a12      	ldr	r2, [pc, #72]	; (100010b8 <busy_wait_us+0x50>)
10001070:	6a53      	ldr	r3, [r2, #36]	; 0x24
10001072:	0019      	movs	r1, r3
10001074:	6a96      	ldr	r6, [r2, #40]	; 0x28
10001076:	6a53      	ldr	r3, [r2, #36]	; 0x24
10001078:	428b      	cmp	r3, r1
1000107a:	d1fa      	bne.n	10001072 <busy_wait_us+0xa>
1000107c:	0030      	movs	r0, r6
1000107e:	0019      	movs	r1, r3
10001080:	1824      	adds	r4, r4, r0
10001082:	414d      	adcs	r5, r1
10001084:	42ab      	cmp	r3, r5
10001086:	d811      	bhi.n	100010ac <busy_wait_us+0x44>
10001088:	d00e      	beq.n	100010a8 <busy_wait_us+0x40>
1000108a:	002b      	movs	r3, r5
1000108c:	490a      	ldr	r1, [pc, #40]	; (100010b8 <busy_wait_us+0x50>)
1000108e:	6a4a      	ldr	r2, [r1, #36]	; 0x24
10001090:	429a      	cmp	r2, r3
10001092:	d3fc      	bcc.n	1000108e <busy_wait_us+0x26>
10001094:	d107      	bne.n	100010a6 <busy_wait_us+0x3e>
10001096:	4a08      	ldr	r2, [pc, #32]	; (100010b8 <busy_wait_us+0x50>)
10001098:	e002      	b.n	100010a0 <busy_wait_us+0x38>
1000109a:	6a51      	ldr	r1, [r2, #36]	; 0x24
1000109c:	4299      	cmp	r1, r3
1000109e:	d102      	bne.n	100010a6 <busy_wait_us+0x3e>
100010a0:	6a91      	ldr	r1, [r2, #40]	; 0x28
100010a2:	42a1      	cmp	r1, r4
100010a4:	d3f9      	bcc.n	1000109a <busy_wait_us+0x32>
100010a6:	bd70      	pop	{r4, r5, r6, pc}
100010a8:	42a6      	cmp	r6, r4
100010aa:	d9ee      	bls.n	1000108a <busy_wait_us+0x22>
100010ac:	2301      	movs	r3, #1
100010ae:	2401      	movs	r4, #1
100010b0:	4264      	negs	r4, r4
100010b2:	17e5      	asrs	r5, r4, #31
100010b4:	425b      	negs	r3, r3
100010b6:	e7e9      	b.n	1000108c <busy_wait_us+0x24>
100010b8:	40054000 	.word	0x40054000

100010bc <busy_wait_until>:
100010bc:	4a06      	ldr	r2, [pc, #24]	; (100010d8 <busy_wait_until+0x1c>)
100010be:	6a53      	ldr	r3, [r2, #36]	; 0x24
100010c0:	4299      	cmp	r1, r3
100010c2:	d8fc      	bhi.n	100010be <busy_wait_until+0x2>
100010c4:	d107      	bne.n	100010d6 <busy_wait_until+0x1a>
100010c6:	4b04      	ldr	r3, [pc, #16]	; (100010d8 <busy_wait_until+0x1c>)
100010c8:	e002      	b.n	100010d0 <busy_wait_until+0x14>
100010ca:	6a5a      	ldr	r2, [r3, #36]	; 0x24
100010cc:	4291      	cmp	r1, r2
100010ce:	d102      	bne.n	100010d6 <busy_wait_until+0x1a>
100010d0:	6a9a      	ldr	r2, [r3, #40]	; 0x28
100010d2:	4282      	cmp	r2, r0
100010d4:	d3f9      	bcc.n	100010ca <busy_wait_until+0xe>
100010d6:	4770      	bx	lr
100010d8:	40054000 	.word	0x40054000

100010dc <hardware_alarm_set_callback>:
100010dc:	b570      	push	{r4, r5, r6, lr}
100010de:	0004      	movs	r4, r0
100010e0:	000d      	movs	r5, r1
100010e2:	f3ef 8610 	mrs	r6, PRIMASK
100010e6:	b672      	cpsid	i
100010e8:	4a1a      	ldr	r2, [pc, #104]	; (10001154 <hardware_alarm_set_callback+0x78>)
100010ea:	6813      	ldr	r3, [r2, #0]
100010ec:	2b00      	cmp	r3, #0
100010ee:	d0fc      	beq.n	100010ea <hardware_alarm_set_callback+0xe>
100010f0:	f3bf 8f5f 	dmb	sy
100010f4:	2d00      	cmp	r5, #0
100010f6:	d01b      	beq.n	10001130 <hardware_alarm_set_callback+0x54>
100010f8:	0020      	movs	r0, r4
100010fa:	f7ff fa3f 	bl	1000057c <irq_get_vtable_handler>
100010fe:	4916      	ldr	r1, [pc, #88]	; (10001158 <hardware_alarm_set_callback+0x7c>)
10001100:	4281      	cmp	r1, r0
10001102:	d00a      	beq.n	1000111a <hardware_alarm_set_callback+0x3e>
10001104:	0020      	movs	r0, r4
10001106:	f7ff fa41 	bl	1000058c <irq_set_exclusive_handler>
1000110a:	2101      	movs	r1, #1
1000110c:	0020      	movs	r0, r4
1000110e:	f7ff fa23 	bl	10000558 <irq_set_enabled>
10001112:	2301      	movs	r3, #1
10001114:	40a3      	lsls	r3, r4
10001116:	4a11      	ldr	r2, [pc, #68]	; (1000115c <hardware_alarm_set_callback+0x80>)
10001118:	6013      	str	r3, [r2, #0]
1000111a:	4b11      	ldr	r3, [pc, #68]	; (10001160 <hardware_alarm_set_callback+0x84>)
1000111c:	00a4      	lsls	r4, r4, #2
1000111e:	50e5      	str	r5, [r4, r3]
10001120:	f3bf 8f5f 	dmb	sy
10001124:	2200      	movs	r2, #0
10001126:	4b0b      	ldr	r3, [pc, #44]	; (10001154 <hardware_alarm_set_callback+0x78>)
10001128:	601a      	str	r2, [r3, #0]
1000112a:	f386 8810 	msr	PRIMASK, r6
1000112e:	bd70      	pop	{r4, r5, r6, pc}
10001130:	4b0b      	ldr	r3, [pc, #44]	; (10001160 <hardware_alarm_set_callback+0x84>)
10001132:	00a2      	lsls	r2, r4, #2
10001134:	50d5      	str	r5, [r2, r3]
10001136:	2201      	movs	r2, #1
10001138:	40a2      	lsls	r2, r4
1000113a:	490a      	ldr	r1, [pc, #40]	; (10001164 <hardware_alarm_set_callback+0x88>)
1000113c:	0020      	movs	r0, r4
1000113e:	780b      	ldrb	r3, [r1, #0]
10001140:	4393      	bics	r3, r2
10001142:	700b      	strb	r3, [r1, #0]
10001144:	4904      	ldr	r1, [pc, #16]	; (10001158 <hardware_alarm_set_callback+0x7c>)
10001146:	f7ff fa4b 	bl	100005e0 <irq_remove_handler>
1000114a:	2100      	movs	r1, #0
1000114c:	0020      	movs	r0, r4
1000114e:	f7ff fa03 	bl	10000558 <irq_set_enabled>
10001152:	e7e5      	b.n	10001120 <hardware_alarm_set_callback+0x44>
10001154:	d0000128 	.word	0xd0000128
10001158:	10000f81 	.word	0x10000f81
1000115c:	40056038 	.word	0x40056038
10001160:	20000594 	.word	0x20000594
10001164:	20000652 	.word	0x20000652

10001168 <hardware_alarm_set_target>:
10001168:	b5f0      	push	{r4, r5, r6, r7, lr}
1000116a:	464f      	mov	r7, r9
1000116c:	46d6      	mov	lr, sl
1000116e:	4646      	mov	r6, r8
10001170:	b5c0      	push	{r6, r7, lr}
10001172:	0007      	movs	r7, r0
10001174:	4c2c      	ldr	r4, [pc, #176]	; (10001228 <hardware_alarm_set_target+0xc0>)
10001176:	6a61      	ldr	r1, [r4, #36]	; 0x24
10001178:	000d      	movs	r5, r1
1000117a:	6aa6      	ldr	r6, [r4, #40]	; 0x28
1000117c:	6a61      	ldr	r1, [r4, #36]	; 0x24
1000117e:	42a9      	cmp	r1, r5
10001180:	d1fa      	bne.n	10001178 <hardware_alarm_set_target+0x10>
10001182:	428b      	cmp	r3, r1
10001184:	d808      	bhi.n	10001198 <hardware_alarm_set_target+0x30>
10001186:	d005      	beq.n	10001194 <hardware_alarm_set_target+0x2c>
10001188:	2001      	movs	r0, #1
1000118a:	bce0      	pop	{r5, r6, r7}
1000118c:	46ba      	mov	sl, r7
1000118e:	46b1      	mov	r9, r6
10001190:	46a8      	mov	r8, r5
10001192:	bdf0      	pop	{r4, r5, r6, r7, pc}
10001194:	42b2      	cmp	r2, r6
10001196:	d9f7      	bls.n	10001188 <hardware_alarm_set_target+0x20>
10001198:	f3ef 8a10 	mrs	sl, PRIMASK
1000119c:	b672      	cpsid	i
1000119e:	4823      	ldr	r0, [pc, #140]	; (1000122c <hardware_alarm_set_target+0xc4>)
100011a0:	6801      	ldr	r1, [r0, #0]
100011a2:	2900      	cmp	r1, #0
100011a4:	d0fc      	beq.n	100011a0 <hardware_alarm_set_target+0x38>
100011a6:	f3bf 8f5f 	dmb	sy
100011aa:	2501      	movs	r5, #1
100011ac:	40bd      	lsls	r5, r7
100011ae:	4920      	ldr	r1, [pc, #128]	; (10001230 <hardware_alarm_set_target+0xc8>)
100011b0:	4c1d      	ldr	r4, [pc, #116]	; (10001228 <hardware_alarm_set_target+0xc0>)
100011b2:	4688      	mov	r8, r1
100011b4:	7809      	ldrb	r1, [r1, #0]
100011b6:	4689      	mov	r9, r1
100011b8:	4329      	orrs	r1, r5
100011ba:	b2c9      	uxtb	r1, r1
100011bc:	468c      	mov	ip, r1
100011be:	4641      	mov	r1, r8
100011c0:	4660      	mov	r0, ip
100011c2:	7008      	strb	r0, [r1, #0]
100011c4:	1d39      	adds	r1, r7, #4
100011c6:	481b      	ldr	r0, [pc, #108]	; (10001234 <hardware_alarm_set_target+0xcc>)
100011c8:	0089      	lsls	r1, r1, #2
100011ca:	6365      	str	r5, [r4, #52]	; 0x34
100011cc:	510a      	str	r2, [r1, r4]
100011ce:	00b9      	lsls	r1, r7, #2
100011d0:	500b      	str	r3, [r1, r0]
100011d2:	6a21      	ldr	r1, [r4, #32]
100011d4:	2000      	movs	r0, #0
100011d6:	4229      	tst	r1, r5
100011d8:	d019      	beq.n	1000120e <hardware_alarm_set_target+0xa6>
100011da:	6a61      	ldr	r1, [r4, #36]	; 0x24
100011dc:	0008      	movs	r0, r1
100011de:	6aa6      	ldr	r6, [r4, #40]	; 0x28
100011e0:	6a61      	ldr	r1, [r4, #36]	; 0x24
100011e2:	4281      	cmp	r1, r0
100011e4:	d1fa      	bne.n	100011dc <hardware_alarm_set_target+0x74>
100011e6:	428b      	cmp	r3, r1
100011e8:	d819      	bhi.n	1000121e <hardware_alarm_set_target+0xb6>
100011ea:	d101      	bne.n	100011f0 <hardware_alarm_set_target+0x88>
100011ec:	42b2      	cmp	r2, r6
100011ee:	d816      	bhi.n	1000121e <hardware_alarm_set_target+0xb6>
100011f0:	45cc      	cmp	ip, r9
100011f2:	d016      	beq.n	10001222 <hardware_alarm_set_target+0xba>
100011f4:	4b0c      	ldr	r3, [pc, #48]	; (10001228 <hardware_alarm_set_target+0xc0>)
100011f6:	201f      	movs	r0, #31
100011f8:	621d      	str	r5, [r3, #32]
100011fa:	635d      	str	r5, [r3, #52]	; 0x34
100011fc:	2301      	movs	r3, #1
100011fe:	4007      	ands	r7, r0
10001200:	40bb      	lsls	r3, r7
10001202:	4a0d      	ldr	r2, [pc, #52]	; (10001238 <hardware_alarm_set_target+0xd0>)
10001204:	381e      	subs	r0, #30
10001206:	6013      	str	r3, [r2, #0]
10001208:	4643      	mov	r3, r8
1000120a:	464a      	mov	r2, r9
1000120c:	701a      	strb	r2, [r3, #0]
1000120e:	f3bf 8f5f 	dmb	sy
10001212:	2200      	movs	r2, #0
10001214:	4b05      	ldr	r3, [pc, #20]	; (1000122c <hardware_alarm_set_target+0xc4>)
10001216:	601a      	str	r2, [r3, #0]
10001218:	f38a 8810 	msr	PRIMASK, sl
1000121c:	e7b5      	b.n	1000118a <hardware_alarm_set_target+0x22>
1000121e:	2000      	movs	r0, #0
10001220:	e7f5      	b.n	1000120e <hardware_alarm_set_target+0xa6>
10001222:	2001      	movs	r0, #1
10001224:	e7f3      	b.n	1000120e <hardware_alarm_set_target+0xa6>
10001226:	46c0      	nop			; (mov r8, r8)
10001228:	40054000 	.word	0x40054000
1000122c:	d0000128 	.word	0xd0000128
10001230:	20000652 	.word	0x20000652
10001234:	20000638 	.word	0x20000638
10001238:	e000e280 	.word	0xe000e280

1000123c <hardware_alarm_cancel>:
1000123c:	f3ef 8c10 	mrs	ip, PRIMASK
10001240:	b672      	cpsid	i
10001242:	490a      	ldr	r1, [pc, #40]	; (1000126c <hardware_alarm_cancel+0x30>)
10001244:	680b      	ldr	r3, [r1, #0]
10001246:	2b00      	cmp	r3, #0
10001248:	d0fc      	beq.n	10001244 <hardware_alarm_cancel+0x8>
1000124a:	f3bf 8f5f 	dmb	sy
1000124e:	2301      	movs	r3, #1
10001250:	4083      	lsls	r3, r0
10001252:	4a07      	ldr	r2, [pc, #28]	; (10001270 <hardware_alarm_cancel+0x34>)
10001254:	4807      	ldr	r0, [pc, #28]	; (10001274 <hardware_alarm_cancel+0x38>)
10001256:	6213      	str	r3, [r2, #32]
10001258:	7802      	ldrb	r2, [r0, #0]
1000125a:	439a      	bics	r2, r3
1000125c:	7002      	strb	r2, [r0, #0]
1000125e:	f3bf 8f5f 	dmb	sy
10001262:	2300      	movs	r3, #0
10001264:	600b      	str	r3, [r1, #0]
10001266:	f38c 8810 	msr	PRIMASK, ip
1000126a:	4770      	bx	lr
1000126c:	d0000128 	.word	0xd0000128
10001270:	40054000 	.word	0x40054000
10001274:	20000652 	.word	0x20000652

10001278 <ph_merge_nodes>:
10001278:	b570      	push	{r4, r5, r6, lr}
1000127a:	0005      	movs	r5, r0
1000127c:	0014      	movs	r4, r2
1000127e:	0016      	movs	r6, r2
10001280:	2900      	cmp	r1, #0
10001282:	d015      	beq.n	100012b0 <ph_merge_nodes+0x38>
10001284:	000c      	movs	r4, r1
10001286:	2a00      	cmp	r2, #0
10001288:	d012      	beq.n	100012b0 <ph_merge_nodes+0x38>
1000128a:	6880      	ldr	r0, [r0, #8]
1000128c:	686b      	ldr	r3, [r5, #4]
1000128e:	4798      	blx	r3
10001290:	6829      	ldr	r1, [r5, #0]
10001292:	2800      	cmp	r0, #0
10001294:	d00e      	beq.n	100012b4 <ph_merge_nodes+0x3c>
10001296:	0073      	lsls	r3, r6, #1
10001298:	199b      	adds	r3, r3, r6
1000129a:	0062      	lsls	r2, r4, #1
1000129c:	3b03      	subs	r3, #3
1000129e:	1912      	adds	r2, r2, r4
100012a0:	18cb      	adds	r3, r1, r3
100012a2:	3a03      	subs	r2, #3
100012a4:	709c      	strb	r4, [r3, #2]
100012a6:	1888      	adds	r0, r1, r2
100012a8:	5c8a      	ldrb	r2, [r1, r2]
100012aa:	2a00      	cmp	r2, #0
100012ac:	d115      	bne.n	100012da <ph_merge_nodes+0x62>
100012ae:	7006      	strb	r6, [r0, #0]
100012b0:	0020      	movs	r0, r4
100012b2:	bd70      	pop	{r4, r5, r6, pc}
100012b4:	0063      	lsls	r3, r4, #1
100012b6:	191b      	adds	r3, r3, r4
100012b8:	0072      	lsls	r2, r6, #1
100012ba:	3b03      	subs	r3, #3
100012bc:	1992      	adds	r2, r2, r6
100012be:	18cb      	adds	r3, r1, r3
100012c0:	3a03      	subs	r2, #3
100012c2:	709e      	strb	r6, [r3, #2]
100012c4:	1888      	adds	r0, r1, r2
100012c6:	5c8a      	ldrb	r2, [r1, r2]
100012c8:	2a00      	cmp	r2, #0
100012ca:	d102      	bne.n	100012d2 <ph_merge_nodes+0x5a>
100012cc:	7004      	strb	r4, [r0, #0]
100012ce:	0034      	movs	r4, r6
100012d0:	e7ee      	b.n	100012b0 <ph_merge_nodes+0x38>
100012d2:	705a      	strb	r2, [r3, #1]
100012d4:	7004      	strb	r4, [r0, #0]
100012d6:	0034      	movs	r4, r6
100012d8:	e7ea      	b.n	100012b0 <ph_merge_nodes+0x38>
100012da:	705a      	strb	r2, [r3, #1]
100012dc:	7006      	strb	r6, [r0, #0]
100012de:	e7e7      	b.n	100012b0 <ph_merge_nodes+0x38>

100012e0 <ph_post_alloc_init>:
100012e0:	b530      	push	{r4, r5, lr}
100012e2:	6083      	str	r3, [r0, #8]
100012e4:	2300      	movs	r3, #0
100012e6:	b2cc      	uxtb	r4, r1
100012e8:	7343      	strb	r3, [r0, #13]
100012ea:	3301      	adds	r3, #1
100012ec:	7304      	strb	r4, [r0, #12]
100012ee:	6042      	str	r2, [r0, #4]
100012f0:	7383      	strb	r3, [r0, #14]
100012f2:	73c4      	strb	r4, [r0, #15]
100012f4:	000d      	movs	r5, r1
100012f6:	6800      	ldr	r0, [r0, #0]
100012f8:	2c01      	cmp	r4, #1
100012fa:	d906      	bls.n	1000130a <ph_post_alloc_init+0x2a>
100012fc:	1c42      	adds	r2, r0, #1
100012fe:	3301      	adds	r3, #1
10001300:	b2db      	uxtb	r3, r3
10001302:	7013      	strb	r3, [r2, #0]
10001304:	3203      	adds	r2, #3
10001306:	429c      	cmp	r4, r3
10001308:	d1f9      	bne.n	100012fe <ph_post_alloc_init+0x1e>
1000130a:	21ff      	movs	r1, #255	; 0xff
1000130c:	4029      	ands	r1, r5
1000130e:	004b      	lsls	r3, r1, #1
10001310:	1859      	adds	r1, r3, r1
10001312:	2300      	movs	r3, #0
10001314:	1840      	adds	r0, r0, r1
10001316:	3803      	subs	r0, #3
10001318:	7043      	strb	r3, [r0, #1]
1000131a:	bd30      	pop	{r4, r5, pc}

1000131c <ph_merge_two_pass>:
1000131c:	b5f8      	push	{r3, r4, r5, r6, r7, lr}
1000131e:	46ce      	mov	lr, r9
10001320:	4647      	mov	r7, r8
10001322:	0006      	movs	r6, r0
10001324:	000c      	movs	r4, r1
10001326:	b580      	push	{r7, lr}
10001328:	2900      	cmp	r1, #0
1000132a:	d007      	beq.n	1000133c <ph_merge_two_pass+0x20>
1000132c:	004d      	lsls	r5, r1, #1
1000132e:	6803      	ldr	r3, [r0, #0]
10001330:	186d      	adds	r5, r5, r1
10001332:	3d03      	subs	r5, #3
10001334:	195a      	adds	r2, r3, r5
10001336:	7857      	ldrb	r7, [r2, #1]
10001338:	2f00      	cmp	r7, #0
1000133a:	d104      	bne.n	10001346 <ph_merge_two_pass+0x2a>
1000133c:	0020      	movs	r0, r4
1000133e:	bcc0      	pop	{r6, r7}
10001340:	46b9      	mov	r9, r7
10001342:	46b0      	mov	r8, r6
10001344:	bdf8      	pop	{r3, r4, r5, r6, r7, pc}
10001346:	0079      	lsls	r1, r7, #1
10001348:	19c9      	adds	r1, r1, r7
1000134a:	3903      	subs	r1, #3
1000134c:	4688      	mov	r8, r1
1000134e:	4443      	add	r3, r8
10001350:	7859      	ldrb	r1, [r3, #1]
10001352:	4689      	mov	r9, r1
10001354:	2100      	movs	r1, #0
10001356:	7059      	strb	r1, [r3, #1]
10001358:	7051      	strb	r1, [r2, #1]
1000135a:	6873      	ldr	r3, [r6, #4]
1000135c:	003a      	movs	r2, r7
1000135e:	0021      	movs	r1, r4
10001360:	6880      	ldr	r0, [r0, #8]
10001362:	4798      	blx	r3
10001364:	6833      	ldr	r3, [r6, #0]
10001366:	2800      	cmp	r0, #0
10001368:	d014      	beq.n	10001394 <ph_merge_two_pass+0x78>
1000136a:	4642      	mov	r2, r8
1000136c:	189a      	adds	r2, r3, r2
1000136e:	7094      	strb	r4, [r2, #2]
10001370:	1959      	adds	r1, r3, r5
10001372:	5d5b      	ldrb	r3, [r3, r5]
10001374:	2b00      	cmp	r3, #0
10001376:	d000      	beq.n	1000137a <ph_merge_two_pass+0x5e>
10001378:	7053      	strb	r3, [r2, #1]
1000137a:	700f      	strb	r7, [r1, #0]
1000137c:	0027      	movs	r7, r4
1000137e:	4649      	mov	r1, r9
10001380:	0030      	movs	r0, r6
10001382:	f7ff ffcb 	bl	1000131c <ph_merge_two_pass>
10001386:	0039      	movs	r1, r7
10001388:	0002      	movs	r2, r0
1000138a:	0030      	movs	r0, r6
1000138c:	f7ff ff74 	bl	10001278 <ph_merge_nodes>
10001390:	0004      	movs	r4, r0
10001392:	e7d3      	b.n	1000133c <ph_merge_two_pass+0x20>
10001394:	4642      	mov	r2, r8
10001396:	4641      	mov	r1, r8
10001398:	195d      	adds	r5, r3, r5
1000139a:	70af      	strb	r7, [r5, #2]
1000139c:	189a      	adds	r2, r3, r2
1000139e:	5c5b      	ldrb	r3, [r3, r1]
100013a0:	2b00      	cmp	r3, #0
100013a2:	d000      	beq.n	100013a6 <ph_merge_two_pass+0x8a>
100013a4:	706b      	strb	r3, [r5, #1]
100013a6:	7014      	strb	r4, [r2, #0]
100013a8:	e7e9      	b.n	1000137e <ph_merge_two_pass+0x62>
100013aa:	46c0      	nop			; (mov r8, r8)

100013ac <ph_remove_any_head>:
100013ac:	b5f0      	push	{r4, r5, r6, r7, lr}
100013ae:	4657      	mov	r7, sl
100013b0:	4645      	mov	r5, r8
100013b2:	46de      	mov	lr, fp
100013b4:	464e      	mov	r6, r9
100013b6:	b5e0      	push	{r5, r6, r7, lr}
100013b8:	000d      	movs	r5, r1
100013ba:	006b      	lsls	r3, r5, #1
100013bc:	6801      	ldr	r1, [r0, #0]
100013be:	195b      	adds	r3, r3, r5
100013c0:	1edf      	subs	r7, r3, #3
100013c2:	0004      	movs	r4, r0
100013c4:	5dc8      	ldrb	r0, [r1, r7]
100013c6:	b083      	sub	sp, #12
100013c8:	9201      	str	r2, [sp, #4]
100013ca:	19ca      	adds	r2, r1, r7
100013cc:	2800      	cmp	r0, #0
100013ce:	d050      	beq.n	10001472 <ph_remove_any_head+0xc6>
100013d0:	0043      	lsls	r3, r0, #1
100013d2:	181b      	adds	r3, r3, r0
100013d4:	3b03      	subs	r3, #3
100013d6:	18cb      	adds	r3, r1, r3
100013d8:	785e      	ldrb	r6, [r3, #1]
100013da:	46b4      	mov	ip, r6
100013dc:	2e00      	cmp	r6, #0
100013de:	d11a      	bne.n	10001416 <ph_remove_any_head+0x6a>
100013e0:	9e01      	ldr	r6, [sp, #4]
100013e2:	2e00      	cmp	r6, #0
100013e4:	d042      	beq.n	1000146c <ph_remove_any_head+0xc0>
100013e6:	7be6      	ldrb	r6, [r4, #15]
100013e8:	2e00      	cmp	r6, #0
100013ea:	d004      	beq.n	100013f6 <ph_remove_any_head+0x4a>
100013ec:	0073      	lsls	r3, r6, #1
100013ee:	199b      	adds	r3, r3, r6
100013f0:	18cb      	adds	r3, r1, r3
100013f2:	3b03      	subs	r3, #3
100013f4:	705d      	strb	r5, [r3, #1]
100013f6:	7ba3      	ldrb	r3, [r4, #14]
100013f8:	2b00      	cmp	r3, #0
100013fa:	d100      	bne.n	100013fe <ph_remove_any_head+0x52>
100013fc:	73a5      	strb	r5, [r4, #14]
100013fe:	73e5      	strb	r5, [r4, #15]
10001400:	2800      	cmp	r0, #0
10001402:	d12f      	bne.n	10001464 <ph_remove_any_head+0xb8>
10001404:	2300      	movs	r3, #0
10001406:	7053      	strb	r3, [r2, #1]
10001408:	b003      	add	sp, #12
1000140a:	bcf0      	pop	{r4, r5, r6, r7}
1000140c:	46bb      	mov	fp, r7
1000140e:	46b2      	mov	sl, r6
10001410:	46a9      	mov	r9, r5
10001412:	46a0      	mov	r8, r4
10001414:	bdf0      	pop	{r4, r5, r6, r7, pc}
10001416:	0072      	lsls	r2, r6, #1
10001418:	4462      	add	r2, ip
1000141a:	3a03      	subs	r2, #3
1000141c:	1889      	adds	r1, r1, r2
1000141e:	784a      	ldrb	r2, [r1, #1]
10001420:	4690      	mov	r8, r2
10001422:	2200      	movs	r2, #0
10001424:	704a      	strb	r2, [r1, #1]
10001426:	4691      	mov	r9, r2
10001428:	705a      	strb	r2, [r3, #1]
1000142a:	0001      	movs	r1, r0
1000142c:	0032      	movs	r2, r6
1000142e:	0020      	movs	r0, r4
10001430:	f7ff ff22 	bl	10001278 <ph_merge_nodes>
10001434:	4643      	mov	r3, r8
10001436:	4682      	mov	sl, r0
10001438:	2b00      	cmp	r3, #0
1000143a:	d007      	beq.n	1000144c <ph_remove_any_head+0xa0>
1000143c:	005b      	lsls	r3, r3, #1
1000143e:	6821      	ldr	r1, [r4, #0]
10001440:	4443      	add	r3, r8
10001442:	3b03      	subs	r3, #3
10001444:	18cb      	adds	r3, r1, r3
10001446:	785a      	ldrb	r2, [r3, #1]
10001448:	2a00      	cmp	r2, #0
1000144a:	d116      	bne.n	1000147a <ph_remove_any_head+0xce>
1000144c:	4642      	mov	r2, r8
1000144e:	4651      	mov	r1, sl
10001450:	0020      	movs	r0, r4
10001452:	f7ff ff11 	bl	10001278 <ph_merge_nodes>
10001456:	6821      	ldr	r1, [r4, #0]
10001458:	9b01      	ldr	r3, [sp, #4]
1000145a:	19ca      	adds	r2, r1, r7
1000145c:	2b00      	cmp	r3, #0
1000145e:	d1c2      	bne.n	100013e6 <ph_remove_any_head+0x3a>
10001460:	2800      	cmp	r0, #0
10001462:	d0cf      	beq.n	10001404 <ph_remove_any_head+0x58>
10001464:	0043      	lsls	r3, r0, #1
10001466:	181b      	adds	r3, r3, r0
10001468:	3b03      	subs	r3, #3
1000146a:	18cb      	adds	r3, r1, r3
1000146c:	2100      	movs	r1, #0
1000146e:	7099      	strb	r1, [r3, #2]
10001470:	e7c8      	b.n	10001404 <ph_remove_any_head+0x58>
10001472:	9b01      	ldr	r3, [sp, #4]
10001474:	2b00      	cmp	r3, #0
10001476:	d1b6      	bne.n	100013e6 <ph_remove_any_head+0x3a>
10001478:	e7c4      	b.n	10001404 <ph_remove_any_head+0x58>
1000147a:	0050      	lsls	r0, r2, #1
1000147c:	1880      	adds	r0, r0, r2
1000147e:	3803      	subs	r0, #3
10001480:	1809      	adds	r1, r1, r0
10001482:	7848      	ldrb	r0, [r1, #1]
10001484:	4683      	mov	fp, r0
10001486:	4648      	mov	r0, r9
10001488:	7048      	strb	r0, [r1, #1]
1000148a:	7058      	strb	r0, [r3, #1]
1000148c:	4641      	mov	r1, r8
1000148e:	0020      	movs	r0, r4
10001490:	f7ff fef2 	bl	10001278 <ph_merge_nodes>
10001494:	4659      	mov	r1, fp
10001496:	4680      	mov	r8, r0
10001498:	0020      	movs	r0, r4
1000149a:	f7ff ff3f 	bl	1000131c <ph_merge_two_pass>
1000149e:	4641      	mov	r1, r8
100014a0:	0002      	movs	r2, r0
100014a2:	0020      	movs	r0, r4
100014a4:	f7ff fee8 	bl	10001278 <ph_merge_nodes>
100014a8:	4680      	mov	r8, r0
100014aa:	e7cf      	b.n	1000144c <ph_remove_any_head+0xa0>

100014ac <ph_remove_head>:
100014ac:	b5f0      	push	{r4, r5, r6, r7, lr}
100014ae:	4657      	mov	r7, sl
100014b0:	4645      	mov	r5, r8
100014b2:	46de      	mov	lr, fp
100014b4:	464e      	mov	r6, r9
100014b6:	b5e0      	push	{r5, r6, r7, lr}
100014b8:	b083      	sub	sp, #12
100014ba:	9101      	str	r1, [sp, #4]
100014bc:	7b45      	ldrb	r5, [r0, #13]
100014be:	0004      	movs	r4, r0
100014c0:	006b      	lsls	r3, r5, #1
100014c2:	6800      	ldr	r0, [r0, #0]
100014c4:	195b      	adds	r3, r3, r5
100014c6:	1edf      	subs	r7, r3, #3
100014c8:	5dc1      	ldrb	r1, [r0, r7]
100014ca:	19c2      	adds	r2, r0, r7
100014cc:	2900      	cmp	r1, #0
100014ce:	d052      	beq.n	10001576 <ph_remove_head+0xca>
100014d0:	004b      	lsls	r3, r1, #1
100014d2:	185b      	adds	r3, r3, r1
100014d4:	3b03      	subs	r3, #3
100014d6:	18c3      	adds	r3, r0, r3
100014d8:	785e      	ldrb	r6, [r3, #1]
100014da:	46b4      	mov	ip, r6
100014dc:	2e00      	cmp	r6, #0
100014de:	d11c      	bne.n	1000151a <ph_remove_head+0x6e>
100014e0:	9e01      	ldr	r6, [sp, #4]
100014e2:	2e00      	cmp	r6, #0
100014e4:	d044      	beq.n	10001570 <ph_remove_head+0xc4>
100014e6:	7be6      	ldrb	r6, [r4, #15]
100014e8:	2e00      	cmp	r6, #0
100014ea:	d004      	beq.n	100014f6 <ph_remove_head+0x4a>
100014ec:	0073      	lsls	r3, r6, #1
100014ee:	199b      	adds	r3, r3, r6
100014f0:	18c3      	adds	r3, r0, r3
100014f2:	3b03      	subs	r3, #3
100014f4:	705d      	strb	r5, [r3, #1]
100014f6:	7ba3      	ldrb	r3, [r4, #14]
100014f8:	2b00      	cmp	r3, #0
100014fa:	d100      	bne.n	100014fe <ph_remove_head+0x52>
100014fc:	73a5      	strb	r5, [r4, #14]
100014fe:	73e5      	strb	r5, [r4, #15]
10001500:	2900      	cmp	r1, #0
10001502:	d131      	bne.n	10001568 <ph_remove_head+0xbc>
10001504:	2300      	movs	r3, #0
10001506:	0028      	movs	r0, r5
10001508:	7053      	strb	r3, [r2, #1]
1000150a:	7361      	strb	r1, [r4, #13]
1000150c:	b003      	add	sp, #12
1000150e:	bcf0      	pop	{r4, r5, r6, r7}
10001510:	46bb      	mov	fp, r7
10001512:	46b2      	mov	sl, r6
10001514:	46a9      	mov	r9, r5
10001516:	46a0      	mov	r8, r4
10001518:	bdf0      	pop	{r4, r5, r6, r7, pc}
1000151a:	0072      	lsls	r2, r6, #1
1000151c:	4462      	add	r2, ip
1000151e:	3a03      	subs	r2, #3
10001520:	1880      	adds	r0, r0, r2
10001522:	7842      	ldrb	r2, [r0, #1]
10001524:	4690      	mov	r8, r2
10001526:	2200      	movs	r2, #0
10001528:	7042      	strb	r2, [r0, #1]
1000152a:	4691      	mov	r9, r2
1000152c:	705a      	strb	r2, [r3, #1]
1000152e:	0020      	movs	r0, r4
10001530:	0032      	movs	r2, r6
10001532:	f7ff fea1 	bl	10001278 <ph_merge_nodes>
10001536:	4643      	mov	r3, r8
10001538:	4682      	mov	sl, r0
1000153a:	2b00      	cmp	r3, #0
1000153c:	d007      	beq.n	1000154e <ph_remove_head+0xa2>
1000153e:	005b      	lsls	r3, r3, #1
10001540:	6821      	ldr	r1, [r4, #0]
10001542:	4443      	add	r3, r8
10001544:	3b03      	subs	r3, #3
10001546:	18cb      	adds	r3, r1, r3
10001548:	785a      	ldrb	r2, [r3, #1]
1000154a:	2a00      	cmp	r2, #0
1000154c:	d117      	bne.n	1000157e <ph_remove_head+0xd2>
1000154e:	4642      	mov	r2, r8
10001550:	4651      	mov	r1, sl
10001552:	0020      	movs	r0, r4
10001554:	f7ff fe90 	bl	10001278 <ph_merge_nodes>
10001558:	9b01      	ldr	r3, [sp, #4]
1000155a:	0001      	movs	r1, r0
1000155c:	6820      	ldr	r0, [r4, #0]
1000155e:	19c2      	adds	r2, r0, r7
10001560:	2b00      	cmp	r3, #0
10001562:	d1c0      	bne.n	100014e6 <ph_remove_head+0x3a>
10001564:	2900      	cmp	r1, #0
10001566:	d0cd      	beq.n	10001504 <ph_remove_head+0x58>
10001568:	004b      	lsls	r3, r1, #1
1000156a:	185b      	adds	r3, r3, r1
1000156c:	3b03      	subs	r3, #3
1000156e:	18c3      	adds	r3, r0, r3
10001570:	2000      	movs	r0, #0
10001572:	7098      	strb	r0, [r3, #2]
10001574:	e7c6      	b.n	10001504 <ph_remove_head+0x58>
10001576:	9b01      	ldr	r3, [sp, #4]
10001578:	2b00      	cmp	r3, #0
1000157a:	d1b4      	bne.n	100014e6 <ph_remove_head+0x3a>
1000157c:	e7c2      	b.n	10001504 <ph_remove_head+0x58>
1000157e:	0050      	lsls	r0, r2, #1
10001580:	1880      	adds	r0, r0, r2
10001582:	3803      	subs	r0, #3
10001584:	1809      	adds	r1, r1, r0
10001586:	7848      	ldrb	r0, [r1, #1]
10001588:	4683      	mov	fp, r0
1000158a:	4648      	mov	r0, r9
1000158c:	7048      	strb	r0, [r1, #1]
1000158e:	7058      	strb	r0, [r3, #1]
10001590:	4641      	mov	r1, r8
10001592:	0020      	movs	r0, r4
10001594:	f7ff fe70 	bl	10001278 <ph_merge_nodes>
10001598:	4659      	mov	r1, fp
1000159a:	4680      	mov	r8, r0
1000159c:	0020      	movs	r0, r4
1000159e:	f7ff febd 	bl	1000131c <ph_merge_two_pass>
100015a2:	4641      	mov	r1, r8
100015a4:	0002      	movs	r2, r0
100015a6:	0020      	movs	r0, r4
100015a8:	f7ff fe66 	bl	10001278 <ph_merge_nodes>
100015ac:	4680      	mov	r8, r0
100015ae:	e7ce      	b.n	1000154e <ph_remove_head+0xa2>

100015b0 <ph_remove_and_free_node>:
100015b0:	b570      	push	{r4, r5, r6, lr}
100015b2:	0004      	movs	r4, r0
100015b4:	2900      	cmp	r1, #0
100015b6:	d02c      	beq.n	10001612 <ph_remove_and_free_node+0x62>
100015b8:	7b43      	ldrb	r3, [r0, #13]
100015ba:	428b      	cmp	r3, r1
100015bc:	d02e      	beq.n	1000161c <ph_remove_and_free_node+0x6c>
100015be:	6805      	ldr	r5, [r0, #0]
100015c0:	0048      	lsls	r0, r1, #1
100015c2:	1840      	adds	r0, r0, r1
100015c4:	3803      	subs	r0, #3
100015c6:	1828      	adds	r0, r5, r0
100015c8:	7882      	ldrb	r2, [r0, #2]
100015ca:	2a00      	cmp	r2, #0
100015cc:	d021      	beq.n	10001612 <ph_remove_and_free_node+0x62>
100015ce:	0053      	lsls	r3, r2, #1
100015d0:	189b      	adds	r3, r3, r2
100015d2:	3b03      	subs	r3, #3
100015d4:	5cea      	ldrb	r2, [r5, r3]
100015d6:	18ee      	adds	r6, r5, r3
100015d8:	428a      	cmp	r2, r1
100015da:	d102      	bne.n	100015e2 <ph_remove_and_free_node+0x32>
100015dc:	e01b      	b.n	10001616 <ph_remove_and_free_node+0x66>
100015de:	2a00      	cmp	r2, #0
100015e0:	d008      	beq.n	100015f4 <ph_remove_and_free_node+0x44>
100015e2:	0053      	lsls	r3, r2, #1
100015e4:	189b      	adds	r3, r3, r2
100015e6:	3b03      	subs	r3, #3
100015e8:	18eb      	adds	r3, r5, r3
100015ea:	785a      	ldrb	r2, [r3, #1]
100015ec:	428a      	cmp	r2, r1
100015ee:	d1f6      	bne.n	100015de <ph_remove_and_free_node+0x2e>
100015f0:	7842      	ldrb	r2, [r0, #1]
100015f2:	705a      	strb	r2, [r3, #1]
100015f4:	2300      	movs	r3, #0
100015f6:	2201      	movs	r2, #1
100015f8:	7083      	strb	r3, [r0, #2]
100015fa:	7043      	strb	r3, [r0, #1]
100015fc:	0020      	movs	r0, r4
100015fe:	f7ff fed5 	bl	100013ac <ph_remove_any_head>
10001602:	7b61      	ldrb	r1, [r4, #13]
10001604:	0002      	movs	r2, r0
10001606:	0020      	movs	r0, r4
10001608:	f7ff fe36 	bl	10001278 <ph_merge_nodes>
1000160c:	7360      	strb	r0, [r4, #13]
1000160e:	2001      	movs	r0, #1
10001610:	e000      	b.n	10001614 <ph_remove_and_free_node+0x64>
10001612:	2000      	movs	r0, #0
10001614:	bd70      	pop	{r4, r5, r6, pc}
10001616:	7843      	ldrb	r3, [r0, #1]
10001618:	7033      	strb	r3, [r6, #0]
1000161a:	e7eb      	b.n	100015f4 <ph_remove_and_free_node+0x44>
1000161c:	2201      	movs	r2, #1
1000161e:	0019      	movs	r1, r3
10001620:	f7ff fec4 	bl	100013ac <ph_remove_any_head>
10001624:	7360      	strb	r0, [r4, #13]
10001626:	2001      	movs	r0, #1
10001628:	e7f4      	b.n	10001614 <ph_remove_and_free_node+0x64>
1000162a:	46c0      	nop			; (mov r8, r8)

1000162c <uart_init>:
1000162c:	b5f8      	push	{r3, r4, r5, r6, r7, lr}
1000162e:	46ce      	mov	lr, r9
10001630:	4647      	mov	r7, r8
10001632:	0004      	movs	r4, r0
10001634:	b580      	push	{r7, lr}
10001636:	2006      	movs	r0, #6
10001638:	000e      	movs	r6, r1
1000163a:	f000 fa23 	bl	10001a84 <clock_get_hz>
1000163e:	1e05      	subs	r5, r0, #0
10001640:	d051      	beq.n	100016e6 <uart_init+0xba>
10001642:	4b52      	ldr	r3, [pc, #328]	; (1000178c <uart_init+0x160>)
10001644:	4952      	ldr	r1, [pc, #328]	; (10001790 <uart_init+0x164>)
10001646:	18e2      	adds	r2, r4, r3
10001648:	4253      	negs	r3, r2
1000164a:	415a      	adcs	r2, r3
1000164c:	2380      	movs	r3, #128	; 0x80
1000164e:	03db      	lsls	r3, r3, #15
10001650:	469c      	mov	ip, r3
10001652:	0592      	lsls	r2, r2, #22
10001654:	4b4f      	ldr	r3, [pc, #316]	; (10001794 <uart_init+0x168>)
10001656:	4462      	add	r2, ip
10001658:	601a      	str	r2, [r3, #0]
1000165a:	4b4f      	ldr	r3, [pc, #316]	; (10001798 <uart_init+0x16c>)
1000165c:	601a      	str	r2, [r3, #0]
1000165e:	0010      	movs	r0, r2
10001660:	688b      	ldr	r3, [r1, #8]
10001662:	4398      	bics	r0, r3
10001664:	d1fb      	bne.n	1000165e <uart_init+0x32>
10001666:	4b49      	ldr	r3, [pc, #292]	; (1000178c <uart_init+0x160>)
10001668:	2180      	movs	r1, #128	; 0x80
1000166a:	18e3      	adds	r3, r4, r3
1000166c:	425a      	negs	r2, r3
1000166e:	4153      	adcs	r3, r2
10001670:	4a4a      	ldr	r2, [pc, #296]	; (1000179c <uart_init+0x170>)
10001672:	005b      	lsls	r3, r3, #1
10001674:	0049      	lsls	r1, r1, #1
10001676:	5299      	strh	r1, [r3, r2]
10001678:	2006      	movs	r0, #6
1000167a:	f000 fa03 	bl	10001a84 <clock_get_hz>
1000167e:	0031      	movs	r1, r6
10001680:	00c0      	lsls	r0, r0, #3
10001682:	f000 fb67 	bl	10001d54 <__wrap___aeabi_uidiv>
10001686:	09c3      	lsrs	r3, r0, #7
10001688:	d132      	bne.n	100016f0 <uart_init+0xc4>
1000168a:	2240      	movs	r2, #64	; 0x40
1000168c:	2101      	movs	r1, #1
1000168e:	4690      	mov	r8, r2
10001690:	6261      	str	r1, [r4, #36]	; 0x24
10001692:	62a3      	str	r3, [r4, #40]	; 0x28
10001694:	6b25      	ldr	r5, [r4, #48]	; 0x30
10001696:	07eb      	lsls	r3, r5, #31
10001698:	d436      	bmi.n	10001708 <uart_init+0xdc>
1000169a:	0027      	movs	r7, r4
1000169c:	2680      	movs	r6, #128	; 0x80
1000169e:	6ae3      	ldr	r3, [r4, #44]	; 0x2c
100016a0:	2300      	movs	r3, #0
100016a2:	372c      	adds	r7, #44	; 0x2c
100016a4:	0176      	lsls	r6, r6, #5
100016a6:	433e      	orrs	r6, r7
100016a8:	6033      	str	r3, [r6, #0]
100016aa:	2006      	movs	r0, #6
100016ac:	6325      	str	r5, [r4, #48]	; 0x30
100016ae:	f000 f9e9 	bl	10001a84 <clock_get_hz>
100016b2:	4641      	mov	r1, r8
100016b4:	0080      	lsls	r0, r0, #2
100016b6:	f000 fb4d 	bl	10001d54 <__wrap___aeabi_uidiv>
100016ba:	6b23      	ldr	r3, [r4, #48]	; 0x30
100016bc:	0005      	movs	r5, r0
100016be:	4698      	mov	r8, r3
100016c0:	07db      	lsls	r3, r3, #31
100016c2:	d43b      	bmi.n	1000173c <uart_init+0x110>
100016c4:	2260      	movs	r2, #96	; 0x60
100016c6:	6ae3      	ldr	r3, [r4, #44]	; 0x2c
100016c8:	405a      	eors	r2, r3
100016ca:	236e      	movs	r3, #110	; 0x6e
100016cc:	4013      	ands	r3, r2
100016ce:	6033      	str	r3, [r6, #0]
100016d0:	4643      	mov	r3, r8
100016d2:	6323      	str	r3, [r4, #48]	; 0x30
100016d4:	2380      	movs	r3, #128	; 0x80
100016d6:	2210      	movs	r2, #16
100016d8:	019b      	lsls	r3, r3, #6
100016da:	433b      	orrs	r3, r7
100016dc:	601a      	str	r2, [r3, #0]
100016de:	4b30      	ldr	r3, [pc, #192]	; (100017a0 <uart_init+0x174>)
100016e0:	6323      	str	r3, [r4, #48]	; 0x30
100016e2:	2303      	movs	r3, #3
100016e4:	64a3      	str	r3, [r4, #72]	; 0x48
100016e6:	0028      	movs	r0, r5
100016e8:	bcc0      	pop	{r6, r7}
100016ea:	46b9      	mov	r9, r7
100016ec:	46b0      	mov	r8, r6
100016ee:	bdf8      	pop	{r3, r4, r5, r6, r7, pc}
100016f0:	4a2c      	ldr	r2, [pc, #176]	; (100017a4 <uart_init+0x178>)
100016f2:	4293      	cmp	r3, r2
100016f4:	d93f      	bls.n	10001776 <uart_init+0x14a>
100016f6:	2300      	movs	r3, #0
100016f8:	492b      	ldr	r1, [pc, #172]	; (100017a8 <uart_init+0x17c>)
100016fa:	4a2c      	ldr	r2, [pc, #176]	; (100017ac <uart_init+0x180>)
100016fc:	6261      	str	r1, [r4, #36]	; 0x24
100016fe:	62a3      	str	r3, [r4, #40]	; 0x28
10001700:	6b25      	ldr	r5, [r4, #48]	; 0x30
10001702:	4690      	mov	r8, r2
10001704:	07eb      	lsls	r3, r5, #31
10001706:	d5c8      	bpl.n	1000169a <uart_init+0x6e>
10001708:	0022      	movs	r2, r4
1000170a:	23c0      	movs	r3, #192	; 0xc0
1000170c:	3230      	adds	r2, #48	; 0x30
1000170e:	019b      	lsls	r3, r3, #6
10001710:	4313      	orrs	r3, r2
10001712:	4a23      	ldr	r2, [pc, #140]	; (100017a0 <uart_init+0x174>)
10001714:	2006      	movs	r0, #6
10001716:	601a      	str	r2, [r3, #0]
10001718:	6a66      	ldr	r6, [r4, #36]	; 0x24
1000171a:	6aa2      	ldr	r2, [r4, #40]	; 0x28
1000171c:	01b6      	lsls	r6, r6, #6
1000171e:	18b6      	adds	r6, r6, r2
10001720:	f000 f9b0 	bl	10001a84 <clock_get_hz>
10001724:	4922      	ldr	r1, [pc, #136]	; (100017b0 <uart_init+0x184>)
10001726:	f000 fb15 	bl	10001d54 <__wrap___aeabi_uidiv>
1000172a:	02b6      	lsls	r6, r6, #10
1000172c:	0001      	movs	r1, r0
1000172e:	0030      	movs	r0, r6
10001730:	f000 fb10 	bl	10001d54 <__wrap___aeabi_uidiv>
10001734:	2100      	movs	r1, #0
10001736:	f7ff fc97 	bl	10001068 <busy_wait_us>
1000173a:	e7ae      	b.n	1000169a <uart_init+0x6e>
1000173c:	0022      	movs	r2, r4
1000173e:	23c0      	movs	r3, #192	; 0xc0
10001740:	3230      	adds	r2, #48	; 0x30
10001742:	019b      	lsls	r3, r3, #6
10001744:	4313      	orrs	r3, r2
10001746:	4a16      	ldr	r2, [pc, #88]	; (100017a0 <uart_init+0x174>)
10001748:	2006      	movs	r0, #6
1000174a:	601a      	str	r2, [r3, #0]
1000174c:	6a63      	ldr	r3, [r4, #36]	; 0x24
1000174e:	6aa2      	ldr	r2, [r4, #40]	; 0x28
10001750:	019b      	lsls	r3, r3, #6
10001752:	4699      	mov	r9, r3
10001754:	4491      	add	r9, r2
10001756:	f000 f995 	bl	10001a84 <clock_get_hz>
1000175a:	464b      	mov	r3, r9
1000175c:	4914      	ldr	r1, [pc, #80]	; (100017b0 <uart_init+0x184>)
1000175e:	029b      	lsls	r3, r3, #10
10001760:	4699      	mov	r9, r3
10001762:	f000 faf7 	bl	10001d54 <__wrap___aeabi_uidiv>
10001766:	0001      	movs	r1, r0
10001768:	4648      	mov	r0, r9
1000176a:	f000 faf3 	bl	10001d54 <__wrap___aeabi_uidiv>
1000176e:	2100      	movs	r1, #0
10001770:	f7ff fc7a 	bl	10001068 <busy_wait_us>
10001774:	e7a6      	b.n	100016c4 <uart_init+0x98>
10001776:	227f      	movs	r2, #127	; 0x7f
10001778:	0199      	lsls	r1, r3, #6
1000177a:	4688      	mov	r8, r1
1000177c:	4010      	ands	r0, r2
1000177e:	3001      	adds	r0, #1
10001780:	0840      	lsrs	r0, r0, #1
10001782:	0019      	movs	r1, r3
10001784:	4480      	add	r8, r0
10001786:	0003      	movs	r3, r0
10001788:	e782      	b.n	10001690 <uart_init+0x64>
1000178a:	46c0      	nop			; (mov r8, r8)
1000178c:	bffc8000 	.word	0xbffc8000
10001790:	4000c000 	.word	0x4000c000
10001794:	4000e000 	.word	0x4000e000
10001798:	4000f000 	.word	0x4000f000
1000179c:	20000648 	.word	0x20000648
100017a0:	00000301 	.word	0x00000301
100017a4:	0000fffe 	.word	0x0000fffe
100017a8:	0000ffff 	.word	0x0000ffff
100017ac:	003fffc0 	.word	0x003fffc0
100017b0:	00000e4e 	.word	0x00000e4e

100017b4 <clocks_init>:
100017b4:	b530      	push	{r4, r5, lr}
100017b6:	200c      	movs	r0, #12
100017b8:	b083      	sub	sp, #12
100017ba:	f000 f9b9 	bl	10001b30 <watchdog_start_tick>
100017be:	f7fe fe87 	bl	100004d0 <running_on_fpga>
100017c2:	2800      	cmp	r0, #0
100017c4:	d00e      	beq.n	100017e4 <clocks_init+0x30>
100017c6:	4b99      	ldr	r3, [pc, #612]	; (10001a2c <clocks_init+0x278>)
100017c8:	4a99      	ldr	r2, [pc, #612]	; (10001a30 <clocks_init+0x27c>)
100017ca:	601a      	str	r2, [r3, #0]
100017cc:	605a      	str	r2, [r3, #4]
100017ce:	609a      	str	r2, [r3, #8]
100017d0:	60da      	str	r2, [r3, #12]
100017d2:	611a      	str	r2, [r3, #16]
100017d4:	615a      	str	r2, [r3, #20]
100017d6:	619a      	str	r2, [r3, #24]
100017d8:	61da      	str	r2, [r3, #28]
100017da:	621a      	str	r2, [r3, #32]
100017dc:	4a95      	ldr	r2, [pc, #596]	; (10001a34 <clocks_init+0x280>)
100017de:	625a      	str	r2, [r3, #36]	; 0x24
100017e0:	b003      	add	sp, #12
100017e2:	bd30      	pop	{r4, r5, pc}
100017e4:	4c94      	ldr	r4, [pc, #592]	; (10001a38 <clocks_init+0x284>)
100017e6:	67a0      	str	r0, [r4, #120]	; 0x78
100017e8:	f000 f9aa 	bl	10001b40 <xosc_init>
100017ec:	2201      	movs	r2, #1
100017ee:	4b93      	ldr	r3, [pc, #588]	; (10001a3c <clocks_init+0x288>)
100017f0:	601a      	str	r2, [r3, #0]
100017f2:	6c63      	ldr	r3, [r4, #68]	; 0x44
100017f4:	2b01      	cmp	r3, #1
100017f6:	d1fc      	bne.n	100017f2 <clocks_init+0x3e>
100017f8:	2203      	movs	r2, #3
100017fa:	4b91      	ldr	r3, [pc, #580]	; (10001a40 <clocks_init+0x28c>)
100017fc:	601a      	str	r2, [r3, #0]
100017fe:	4a8e      	ldr	r2, [pc, #568]	; (10001a38 <clocks_init+0x284>)
10001800:	6b93      	ldr	r3, [r2, #56]	; 0x38
10001802:	2b01      	cmp	r3, #1
10001804:	d1fc      	bne.n	10001800 <clocks_init+0x4c>
10001806:	3301      	adds	r3, #1
10001808:	2101      	movs	r1, #1
1000180a:	4a8e      	ldr	r2, [pc, #568]	; (10001a44 <clocks_init+0x290>)
1000180c:	488e      	ldr	r0, [pc, #568]	; (10001a48 <clocks_init+0x294>)
1000180e:	9300      	str	r3, [sp, #0]
10001810:	3304      	adds	r3, #4
10001812:	f000 f93d 	bl	10001a90 <pll_init>
10001816:	2305      	movs	r3, #5
10001818:	4a8c      	ldr	r2, [pc, #560]	; (10001a4c <clocks_init+0x298>)
1000181a:	9300      	str	r3, [sp, #0]
1000181c:	2101      	movs	r1, #1
1000181e:	488c      	ldr	r0, [pc, #560]	; (10001a50 <clocks_init+0x29c>)
10001820:	f000 f936 	bl	10001a90 <pll_init>
10001824:	4b8b      	ldr	r3, [pc, #556]	; (10001a54 <clocks_init+0x2a0>)
10001826:	685a      	ldr	r2, [r3, #4]
10001828:	2aff      	cmp	r2, #255	; 0xff
1000182a:	d802      	bhi.n	10001832 <clocks_init+0x7e>
1000182c:	2280      	movs	r2, #128	; 0x80
1000182e:	0052      	lsls	r2, r2, #1
10001830:	605a      	str	r2, [r3, #4]
10001832:	2280      	movs	r2, #128	; 0x80
10001834:	4c7d      	ldr	r4, [pc, #500]	; (10001a2c <clocks_init+0x278>)
10001836:	4b82      	ldr	r3, [pc, #520]	; (10001a40 <clocks_init+0x28c>)
10001838:	6921      	ldr	r1, [r4, #16]
1000183a:	0112      	lsls	r2, r2, #4
1000183c:	4d85      	ldr	r5, [pc, #532]	; (10001a54 <clocks_init+0x2a0>)
1000183e:	601a      	str	r2, [r3, #0]
10001840:	2900      	cmp	r1, #0
10001842:	d007      	beq.n	10001854 <clocks_init+0xa0>
10001844:	6960      	ldr	r0, [r4, #20]
10001846:	f000 fa85 	bl	10001d54 <__wrap___aeabi_uidiv>
1000184a:	1c43      	adds	r3, r0, #1
1000184c:	0058      	lsls	r0, r3, #1
1000184e:	18c0      	adds	r0, r0, r3
10001850:	3803      	subs	r0, #3
10001852:	d2fd      	bcs.n	10001850 <clocks_init+0x9c>
10001854:	21e0      	movs	r1, #224	; 0xe0
10001856:	4b7f      	ldr	r3, [pc, #508]	; (10001a54 <clocks_init+0x2a0>)
10001858:	2002      	movs	r0, #2
1000185a:	681a      	ldr	r2, [r3, #0]
1000185c:	4011      	ands	r1, r2
1000185e:	2280      	movs	r2, #128	; 0x80
10001860:	0152      	lsls	r2, r2, #5
10001862:	432a      	orrs	r2, r5
10001864:	6011      	str	r1, [r2, #0]
10001866:	6819      	ldr	r1, [r3, #0]
10001868:	4048      	eors	r0, r1
1000186a:	2103      	movs	r1, #3
1000186c:	4001      	ands	r1, r0
1000186e:	6011      	str	r1, [r2, #0]
10001870:	2104      	movs	r1, #4
10001872:	689a      	ldr	r2, [r3, #8]
10001874:	4211      	tst	r1, r2
10001876:	d0fc      	beq.n	10001872 <clocks_init+0xbe>
10001878:	2280      	movs	r2, #128	; 0x80
1000187a:	2180      	movs	r1, #128	; 0x80
1000187c:	0192      	lsls	r2, r2, #6
1000187e:	432a      	orrs	r2, r5
10001880:	0109      	lsls	r1, r1, #4
10001882:	6011      	str	r1, [r2, #0]
10001884:	2280      	movs	r2, #128	; 0x80
10001886:	0052      	lsls	r2, r2, #1
10001888:	605a      	str	r2, [r3, #4]
1000188a:	4b73      	ldr	r3, [pc, #460]	; (10001a58 <clocks_init+0x2a4>)
1000188c:	6123      	str	r3, [r4, #16]
1000188e:	4b73      	ldr	r3, [pc, #460]	; (10001a5c <clocks_init+0x2a8>)
10001890:	6859      	ldr	r1, [r3, #4]
10001892:	29ff      	cmp	r1, #255	; 0xff
10001894:	d800      	bhi.n	10001898 <clocks_init+0xe4>
10001896:	605a      	str	r2, [r3, #4]
10001898:	2103      	movs	r1, #3
1000189a:	4a68      	ldr	r2, [pc, #416]	; (10001a3c <clocks_init+0x288>)
1000189c:	4b6f      	ldr	r3, [pc, #444]	; (10001a5c <clocks_init+0x2a8>)
1000189e:	6011      	str	r1, [r2, #0]
100018a0:	3902      	subs	r1, #2
100018a2:	689a      	ldr	r2, [r3, #8]
100018a4:	4211      	tst	r1, r2
100018a6:	d0fc      	beq.n	100018a2 <clocks_init+0xee>
100018a8:	20e0      	movs	r0, #224	; 0xe0
100018aa:	681a      	ldr	r2, [r3, #0]
100018ac:	4010      	ands	r0, r2
100018ae:	2280      	movs	r2, #128	; 0x80
100018b0:	0152      	lsls	r2, r2, #5
100018b2:	431a      	orrs	r2, r3
100018b4:	6010      	str	r0, [r2, #0]
100018b6:	6818      	ldr	r0, [r3, #0]
100018b8:	4048      	eors	r0, r1
100018ba:	2103      	movs	r1, #3
100018bc:	4001      	ands	r1, r0
100018be:	2002      	movs	r0, #2
100018c0:	6011      	str	r1, [r2, #0]
100018c2:	4966      	ldr	r1, [pc, #408]	; (10001a5c <clocks_init+0x2a8>)
100018c4:	688a      	ldr	r2, [r1, #8]
100018c6:	4210      	tst	r0, r2
100018c8:	d0fc      	beq.n	100018c4 <clocks_init+0x110>
100018ca:	2280      	movs	r2, #128	; 0x80
100018cc:	0192      	lsls	r2, r2, #6
100018ce:	4313      	orrs	r3, r2
100018d0:	2280      	movs	r2, #128	; 0x80
100018d2:	0112      	lsls	r2, r2, #4
100018d4:	601a      	str	r2, [r3, #0]
100018d6:	2280      	movs	r2, #128	; 0x80
100018d8:	4b61      	ldr	r3, [pc, #388]	; (10001a60 <clocks_init+0x2ac>)
100018da:	0052      	lsls	r2, r2, #1
100018dc:	604a      	str	r2, [r1, #4]
100018de:	6163      	str	r3, [r4, #20]
100018e0:	4b60      	ldr	r3, [pc, #384]	; (10001a64 <clocks_init+0x2b0>)
100018e2:	6859      	ldr	r1, [r3, #4]
100018e4:	29ff      	cmp	r1, #255	; 0xff
100018e6:	d800      	bhi.n	100018ea <clocks_init+0x136>
100018e8:	605a      	str	r2, [r3, #4]
100018ea:	2280      	movs	r2, #128	; 0x80
100018ec:	4b5e      	ldr	r3, [pc, #376]	; (10001a68 <clocks_init+0x2b4>)
100018ee:	69e1      	ldr	r1, [r4, #28]
100018f0:	0112      	lsls	r2, r2, #4
100018f2:	4d5c      	ldr	r5, [pc, #368]	; (10001a64 <clocks_init+0x2b0>)
100018f4:	601a      	str	r2, [r3, #0]
100018f6:	2900      	cmp	r1, #0
100018f8:	d007      	beq.n	1000190a <clocks_init+0x156>
100018fa:	6960      	ldr	r0, [r4, #20]
100018fc:	f000 fa2a 	bl	10001d54 <__wrap___aeabi_uidiv>
10001900:	1c43      	adds	r3, r0, #1
10001902:	0058      	lsls	r0, r3, #1
10001904:	18c0      	adds	r0, r0, r3
10001906:	3803      	subs	r0, #3
10001908:	d2fd      	bcs.n	10001906 <clocks_init+0x152>
1000190a:	22e0      	movs	r2, #224	; 0xe0
1000190c:	4955      	ldr	r1, [pc, #340]	; (10001a64 <clocks_init+0x2b0>)
1000190e:	680b      	ldr	r3, [r1, #0]
10001910:	401a      	ands	r2, r3
10001912:	2380      	movs	r3, #128	; 0x80
10001914:	015b      	lsls	r3, r3, #5
10001916:	432b      	orrs	r3, r5
10001918:	601a      	str	r2, [r3, #0]
1000191a:	2380      	movs	r3, #128	; 0x80
1000191c:	2280      	movs	r2, #128	; 0x80
1000191e:	019b      	lsls	r3, r3, #6
10001920:	432b      	orrs	r3, r5
10001922:	0112      	lsls	r2, r2, #4
10001924:	601a      	str	r2, [r3, #0]
10001926:	2280      	movs	r2, #128	; 0x80
10001928:	4b41      	ldr	r3, [pc, #260]	; (10001a30 <clocks_init+0x27c>)
1000192a:	0052      	lsls	r2, r2, #1
1000192c:	604a      	str	r2, [r1, #4]
1000192e:	61e3      	str	r3, [r4, #28]
10001930:	4b4e      	ldr	r3, [pc, #312]	; (10001a6c <clocks_init+0x2b8>)
10001932:	6859      	ldr	r1, [r3, #4]
10001934:	29ff      	cmp	r1, #255	; 0xff
10001936:	d800      	bhi.n	1000193a <clocks_init+0x186>
10001938:	605a      	str	r2, [r3, #4]
1000193a:	2280      	movs	r2, #128	; 0x80
1000193c:	4b4c      	ldr	r3, [pc, #304]	; (10001a70 <clocks_init+0x2bc>)
1000193e:	6a21      	ldr	r1, [r4, #32]
10001940:	0112      	lsls	r2, r2, #4
10001942:	4d4a      	ldr	r5, [pc, #296]	; (10001a6c <clocks_init+0x2b8>)
10001944:	601a      	str	r2, [r3, #0]
10001946:	2900      	cmp	r1, #0
10001948:	d007      	beq.n	1000195a <clocks_init+0x1a6>
1000194a:	6960      	ldr	r0, [r4, #20]
1000194c:	f000 fa02 	bl	10001d54 <__wrap___aeabi_uidiv>
10001950:	1c43      	adds	r3, r0, #1
10001952:	0058      	lsls	r0, r3, #1
10001954:	18c0      	adds	r0, r0, r3
10001956:	3803      	subs	r0, #3
10001958:	d2fd      	bcs.n	10001956 <clocks_init+0x1a2>
1000195a:	22e0      	movs	r2, #224	; 0xe0
1000195c:	4943      	ldr	r1, [pc, #268]	; (10001a6c <clocks_init+0x2b8>)
1000195e:	680b      	ldr	r3, [r1, #0]
10001960:	401a      	ands	r2, r3
10001962:	2380      	movs	r3, #128	; 0x80
10001964:	015b      	lsls	r3, r3, #5
10001966:	432b      	orrs	r3, r5
10001968:	601a      	str	r2, [r3, #0]
1000196a:	2380      	movs	r3, #128	; 0x80
1000196c:	2280      	movs	r2, #128	; 0x80
1000196e:	019b      	lsls	r3, r3, #6
10001970:	432b      	orrs	r3, r5
10001972:	0112      	lsls	r2, r2, #4
10001974:	601a      	str	r2, [r3, #0]
10001976:	2380      	movs	r3, #128	; 0x80
10001978:	2280      	movs	r2, #128	; 0x80
1000197a:	005b      	lsls	r3, r3, #1
1000197c:	604b      	str	r3, [r1, #4]
1000197e:	4b2c      	ldr	r3, [pc, #176]	; (10001a30 <clocks_init+0x27c>)
10001980:	02d2      	lsls	r2, r2, #11
10001982:	6223      	str	r3, [r4, #32]
10001984:	4b3b      	ldr	r3, [pc, #236]	; (10001a74 <clocks_init+0x2c0>)
10001986:	6859      	ldr	r1, [r3, #4]
10001988:	4291      	cmp	r1, r2
1000198a:	d200      	bcs.n	1000198e <clocks_init+0x1da>
1000198c:	605a      	str	r2, [r3, #4]
1000198e:	2280      	movs	r2, #128	; 0x80
10001990:	4b39      	ldr	r3, [pc, #228]	; (10001a78 <clocks_init+0x2c4>)
10001992:	6a61      	ldr	r1, [r4, #36]	; 0x24
10001994:	0112      	lsls	r2, r2, #4
10001996:	4d37      	ldr	r5, [pc, #220]	; (10001a74 <clocks_init+0x2c0>)
10001998:	601a      	str	r2, [r3, #0]
1000199a:	2900      	cmp	r1, #0
1000199c:	d007      	beq.n	100019ae <clocks_init+0x1fa>
1000199e:	6960      	ldr	r0, [r4, #20]
100019a0:	f000 f9d8 	bl	10001d54 <__wrap___aeabi_uidiv>
100019a4:	1c43      	adds	r3, r0, #1
100019a6:	0058      	lsls	r0, r3, #1
100019a8:	18c0      	adds	r0, r0, r3
100019aa:	3803      	subs	r0, #3
100019ac:	d2fd      	bcs.n	100019aa <clocks_init+0x1f6>
100019ae:	22e0      	movs	r2, #224	; 0xe0
100019b0:	4930      	ldr	r1, [pc, #192]	; (10001a74 <clocks_init+0x2c0>)
100019b2:	680b      	ldr	r3, [r1, #0]
100019b4:	401a      	ands	r2, r3
100019b6:	2380      	movs	r3, #128	; 0x80
100019b8:	015b      	lsls	r3, r3, #5
100019ba:	432b      	orrs	r3, r5
100019bc:	601a      	str	r2, [r3, #0]
100019be:	2380      	movs	r3, #128	; 0x80
100019c0:	2280      	movs	r2, #128	; 0x80
100019c2:	019b      	lsls	r3, r3, #6
100019c4:	432b      	orrs	r3, r5
100019c6:	0112      	lsls	r2, r2, #4
100019c8:	601a      	str	r2, [r3, #0]
100019ca:	2380      	movs	r3, #128	; 0x80
100019cc:	02db      	lsls	r3, r3, #11
100019ce:	604b      	str	r3, [r1, #4]
100019d0:	4b18      	ldr	r3, [pc, #96]	; (10001a34 <clocks_init+0x280>)
100019d2:	6263      	str	r3, [r4, #36]	; 0x24
100019d4:	4b29      	ldr	r3, [pc, #164]	; (10001a7c <clocks_init+0x2c8>)
100019d6:	685a      	ldr	r2, [r3, #4]
100019d8:	2aff      	cmp	r2, #255	; 0xff
100019da:	d802      	bhi.n	100019e2 <clocks_init+0x22e>
100019dc:	2280      	movs	r2, #128	; 0x80
100019de:	0052      	lsls	r2, r2, #1
100019e0:	605a      	str	r2, [r3, #4]
100019e2:	2280      	movs	r2, #128	; 0x80
100019e4:	4b26      	ldr	r3, [pc, #152]	; (10001a80 <clocks_init+0x2cc>)
100019e6:	69a1      	ldr	r1, [r4, #24]
100019e8:	0112      	lsls	r2, r2, #4
100019ea:	4d24      	ldr	r5, [pc, #144]	; (10001a7c <clocks_init+0x2c8>)
100019ec:	601a      	str	r2, [r3, #0]
100019ee:	2900      	cmp	r1, #0
100019f0:	d007      	beq.n	10001a02 <clocks_init+0x24e>
100019f2:	6960      	ldr	r0, [r4, #20]
100019f4:	f000 f9ae 	bl	10001d54 <__wrap___aeabi_uidiv>
100019f8:	1c43      	adds	r3, r0, #1
100019fa:	0058      	lsls	r0, r3, #1
100019fc:	18c0      	adds	r0, r0, r3
100019fe:	3803      	subs	r0, #3
10001a00:	d2fd      	bcs.n	100019fe <clocks_init+0x24a>
10001a02:	22e0      	movs	r2, #224	; 0xe0
10001a04:	491d      	ldr	r1, [pc, #116]	; (10001a7c <clocks_init+0x2c8>)
10001a06:	680b      	ldr	r3, [r1, #0]
10001a08:	401a      	ands	r2, r3
10001a0a:	2380      	movs	r3, #128	; 0x80
10001a0c:	015b      	lsls	r3, r3, #5
10001a0e:	432b      	orrs	r3, r5
10001a10:	601a      	str	r2, [r3, #0]
10001a12:	2380      	movs	r3, #128	; 0x80
10001a14:	2280      	movs	r2, #128	; 0x80
10001a16:	019b      	lsls	r3, r3, #6
10001a18:	432b      	orrs	r3, r5
10001a1a:	0112      	lsls	r2, r2, #4
10001a1c:	601a      	str	r2, [r3, #0]
10001a1e:	2380      	movs	r3, #128	; 0x80
10001a20:	005b      	lsls	r3, r3, #1
10001a22:	604b      	str	r3, [r1, #4]
10001a24:	4b0e      	ldr	r3, [pc, #56]	; (10001a60 <clocks_init+0x2ac>)
10001a26:	61a3      	str	r3, [r4, #24]
10001a28:	e6da      	b.n	100017e0 <clocks_init+0x2c>
10001a2a:	46c0      	nop			; (mov r8, r8)
10001a2c:	200005ac 	.word	0x200005ac
10001a30:	02dc6c00 	.word	0x02dc6c00
10001a34:	0000b71b 	.word	0x0000b71b
10001a38:	40008000 	.word	0x40008000
10001a3c:	4000b03c 	.word	0x4000b03c
10001a40:	4000b030 	.word	0x4000b030
10001a44:	59682f00 	.word	0x59682f00
10001a48:	40028000 	.word	0x40028000
10001a4c:	47868c00 	.word	0x47868c00
10001a50:	4002c000 	.word	0x4002c000
10001a54:	40008030 	.word	0x40008030
10001a58:	00b71b00 	.word	0x00b71b00
10001a5c:	4000803c 	.word	0x4000803c
10001a60:	07735940 	.word	0x07735940
10001a64:	40008054 	.word	0x40008054
10001a68:	4000b054 	.word	0x4000b054
10001a6c:	40008060 	.word	0x40008060
10001a70:	4000b060 	.word	0x4000b060
10001a74:	4000806c 	.word	0x4000806c
10001a78:	4000b06c 	.word	0x4000b06c
10001a7c:	40008048 	.word	0x40008048
10001a80:	4000b048 	.word	0x4000b048

10001a84 <clock_get_hz>:
10001a84:	4b01      	ldr	r3, [pc, #4]	; (10001a8c <clock_get_hz+0x8>)
10001a86:	0080      	lsls	r0, r0, #2
10001a88:	58c0      	ldr	r0, [r0, r3]
10001a8a:	4770      	bx	lr
10001a8c:	200005ac 	.word	0x200005ac

10001a90 <pll_init>:
10001a90:	b5f8      	push	{r3, r4, r5, r6, r7, lr}
10001a92:	0004      	movs	r4, r0
10001a94:	4821      	ldr	r0, [pc, #132]	; (10001b1c <pll_init+0x8c>)
10001a96:	001d      	movs	r5, r3
10001a98:	0017      	movs	r7, r2
10001a9a:	000e      	movs	r6, r1
10001a9c:	f000 f95a 	bl	10001d54 <__wrap___aeabi_uidiv>
10001aa0:	0001      	movs	r1, r0
10001aa2:	0038      	movs	r0, r7
10001aa4:	f000 f956 	bl	10001d54 <__wrap___aeabi_uidiv>
10001aa8:	9b06      	ldr	r3, [sp, #24]
10001aaa:	0429      	lsls	r1, r5, #16
10001aac:	031b      	lsls	r3, r3, #12
10001aae:	4319      	orrs	r1, r3
10001ab0:	6823      	ldr	r3, [r4, #0]
10001ab2:	2b00      	cmp	r3, #0
10001ab4:	db20      	blt.n	10001af8 <pll_init+0x68>
10001ab6:	4b1a      	ldr	r3, [pc, #104]	; (10001b20 <pll_init+0x90>)
10001ab8:	4d1a      	ldr	r5, [pc, #104]	; (10001b24 <pll_init+0x94>)
10001aba:	18e2      	adds	r2, r4, r3
10001abc:	4253      	negs	r3, r2
10001abe:	415a      	adcs	r2, r3
10001ac0:	2380      	movs	r3, #128	; 0x80
10001ac2:	015b      	lsls	r3, r3, #5
10001ac4:	469c      	mov	ip, r3
10001ac6:	0312      	lsls	r2, r2, #12
10001ac8:	4b17      	ldr	r3, [pc, #92]	; (10001b28 <pll_init+0x98>)
10001aca:	4462      	add	r2, ip
10001acc:	601a      	str	r2, [r3, #0]
10001ace:	4b17      	ldr	r3, [pc, #92]	; (10001b2c <pll_init+0x9c>)
10001ad0:	601a      	str	r2, [r3, #0]
10001ad2:	0017      	movs	r7, r2
10001ad4:	68ab      	ldr	r3, [r5, #8]
10001ad6:	439f      	bics	r7, r3
10001ad8:	d1fb      	bne.n	10001ad2 <pll_init+0x42>
10001ada:	22c0      	movs	r2, #192	; 0xc0
10001adc:	1d23      	adds	r3, r4, #4
10001ade:	0192      	lsls	r2, r2, #6
10001ae0:	431a      	orrs	r2, r3
10001ae2:	2321      	movs	r3, #33	; 0x21
10001ae4:	6026      	str	r6, [r4, #0]
10001ae6:	60a0      	str	r0, [r4, #8]
10001ae8:	6013      	str	r3, [r2, #0]
10001aea:	6823      	ldr	r3, [r4, #0]
10001aec:	2b00      	cmp	r3, #0
10001aee:	dafc      	bge.n	10001aea <pll_init+0x5a>
10001af0:	2308      	movs	r3, #8
10001af2:	60e1      	str	r1, [r4, #12]
10001af4:	6013      	str	r3, [r2, #0]
10001af6:	bdf8      	pop	{r3, r4, r5, r6, r7, pc}
10001af8:	233f      	movs	r3, #63	; 0x3f
10001afa:	6822      	ldr	r2, [r4, #0]
10001afc:	4013      	ands	r3, r2
10001afe:	42b3      	cmp	r3, r6
10001b00:	d1d9      	bne.n	10001ab6 <pll_init+0x26>
10001b02:	68a3      	ldr	r3, [r4, #8]
10001b04:	051b      	lsls	r3, r3, #20
10001b06:	0d1b      	lsrs	r3, r3, #20
10001b08:	4283      	cmp	r3, r0
10001b0a:	d1d4      	bne.n	10001ab6 <pll_init+0x26>
10001b0c:	22ee      	movs	r2, #238	; 0xee
10001b0e:	68e3      	ldr	r3, [r4, #12]
10001b10:	02d2      	lsls	r2, r2, #11
10001b12:	4013      	ands	r3, r2
10001b14:	428b      	cmp	r3, r1
10001b16:	d1ce      	bne.n	10001ab6 <pll_init+0x26>
10001b18:	e7ed      	b.n	10001af6 <pll_init+0x66>
10001b1a:	46c0      	nop			; (mov r8, r8)
10001b1c:	00b71b00 	.word	0x00b71b00
10001b20:	bffd4000 	.word	0xbffd4000
10001b24:	4000c000 	.word	0x4000c000
10001b28:	4000e000 	.word	0x4000e000
10001b2c:	4000f000 	.word	0x4000f000

10001b30 <watchdog_start_tick>:
10001b30:	2380      	movs	r3, #128	; 0x80
10001b32:	4a02      	ldr	r2, [pc, #8]	; (10001b3c <watchdog_start_tick+0xc>)
10001b34:	009b      	lsls	r3, r3, #2
10001b36:	4303      	orrs	r3, r0
10001b38:	62d3      	str	r3, [r2, #44]	; 0x2c
10001b3a:	4770      	bx	lr
10001b3c:	40058000 	.word	0x40058000

10001b40 <xosc_init>:
10001b40:	23aa      	movs	r3, #170	; 0xaa
10001b42:	4a06      	ldr	r2, [pc, #24]	; (10001b5c <xosc_init+0x1c>)
10001b44:	011b      	lsls	r3, r3, #4
10001b46:	6013      	str	r3, [r2, #0]
10001b48:	232f      	movs	r3, #47	; 0x2f
10001b4a:	4905      	ldr	r1, [pc, #20]	; (10001b60 <xosc_init+0x20>)
10001b4c:	60d3      	str	r3, [r2, #12]
10001b4e:	4b05      	ldr	r3, [pc, #20]	; (10001b64 <xosc_init+0x24>)
10001b50:	6019      	str	r1, [r3, #0]
10001b52:	6853      	ldr	r3, [r2, #4]
10001b54:	2b00      	cmp	r3, #0
10001b56:	dafc      	bge.n	10001b52 <xosc_init+0x12>
10001b58:	4770      	bx	lr
10001b5a:	46c0      	nop			; (mov r8, r8)
10001b5c:	40024000 	.word	0x40024000
10001b60:	00fab000 	.word	0x00fab000
10001b64:	40026000 	.word	0x40026000

10001b68 <runtime_init>:
10001b68:	4b2c      	ldr	r3, [pc, #176]	; (10001c1c <runtime_init+0xb4>)
10001b6a:	4a2d      	ldr	r2, [pc, #180]	; (10001c20 <runtime_init+0xb8>)
10001b6c:	b570      	push	{r4, r5, r6, lr}
10001b6e:	601a      	str	r2, [r3, #0]
10001b70:	4a2c      	ldr	r2, [pc, #176]	; (10001c24 <runtime_init+0xbc>)
10001b72:	4b2d      	ldr	r3, [pc, #180]	; (10001c28 <runtime_init+0xc0>)
10001b74:	492d      	ldr	r1, [pc, #180]	; (10001c2c <runtime_init+0xc4>)
10001b76:	601a      	str	r2, [r3, #0]
10001b78:	0014      	movs	r4, r2
10001b7a:	688b      	ldr	r3, [r1, #8]
10001b7c:	439c      	bics	r4, r3
10001b7e:	d1fb      	bne.n	10001b78 <runtime_init+0x10>
10001b80:	4d2b      	ldr	r5, [pc, #172]	; (10001c30 <runtime_init+0xc8>)
10001b82:	4e2c      	ldr	r6, [pc, #176]	; (10001c34 <runtime_init+0xcc>)
10001b84:	42b5      	cmp	r5, r6
10001b86:	d208      	bcs.n	10001b9a <runtime_init+0x32>
10001b88:	3e01      	subs	r6, #1
10001b8a:	1b76      	subs	r6, r6, r5
10001b8c:	08b6      	lsrs	r6, r6, #2
10001b8e:	cd08      	ldmia	r5!, {r3}
10001b90:	4798      	blx	r3
10001b92:	0023      	movs	r3, r4
10001b94:	3401      	adds	r4, #1
10001b96:	42b3      	cmp	r3, r6
10001b98:	d1f9      	bne.n	10001b8e <runtime_init+0x26>
10001b9a:	f7ff fe0b 	bl	100017b4 <clocks_init>
10001b9e:	4a26      	ldr	r2, [pc, #152]	; (10001c38 <runtime_init+0xd0>)
10001ba0:	4b21      	ldr	r3, [pc, #132]	; (10001c28 <runtime_init+0xc0>)
10001ba2:	601a      	str	r2, [r3, #0]
10001ba4:	4a21      	ldr	r2, [pc, #132]	; (10001c2c <runtime_init+0xc4>)
10001ba6:	6893      	ldr	r3, [r2, #8]
10001ba8:	43db      	mvns	r3, r3
10001baa:	01db      	lsls	r3, r3, #7
10001bac:	09dd      	lsrs	r5, r3, #7
10001bae:	2b00      	cmp	r3, #0
10001bb0:	d1f9      	bne.n	10001ba6 <runtime_init+0x3e>
10001bb2:	2240      	movs	r2, #64	; 0x40
10001bb4:	4b21      	ldr	r3, [pc, #132]	; (10001c3c <runtime_init+0xd4>)
10001bb6:	4c22      	ldr	r4, [pc, #136]	; (10001c40 <runtime_init+0xd8>)
10001bb8:	4e22      	ldr	r6, [pc, #136]	; (10001c44 <runtime_init+0xdc>)
10001bba:	679a      	str	r2, [r3, #120]	; 0x78
10001bbc:	675a      	str	r2, [r3, #116]	; 0x74
10001bbe:	671a      	str	r2, [r3, #112]	; 0x70
10001bc0:	66da      	str	r2, [r3, #108]	; 0x6c
10001bc2:	42b4      	cmp	r4, r6
10001bc4:	d208      	bcs.n	10001bd8 <runtime_init+0x70>
10001bc6:	6823      	ldr	r3, [r4, #0]
10001bc8:	0020      	movs	r0, r4
10001bca:	2b00      	cmp	r3, #0
10001bcc:	d020      	beq.n	10001c10 <runtime_init+0xa8>
10001bce:	3408      	adds	r4, #8
10001bd0:	f7fe fe60 	bl	10000894 <recursive_mutex_init>
10001bd4:	42b4      	cmp	r4, r6
10001bd6:	d3f6      	bcc.n	10001bc6 <runtime_init+0x5e>
10001bd8:	4e1b      	ldr	r6, [pc, #108]	; (10001c48 <runtime_init+0xe0>)
10001bda:	4c1c      	ldr	r4, [pc, #112]	; (10001c4c <runtime_init+0xe4>)
10001bdc:	22c0      	movs	r2, #192	; 0xc0
10001bde:	68a1      	ldr	r1, [r4, #8]
10001be0:	0030      	movs	r0, r6
10001be2:	f000 f9a7 	bl	10001f34 <__wrap___aeabi_memcpy>
10001be6:	60a6      	str	r6, [r4, #8]
10001be8:	f7fe fc9c 	bl	10000524 <spin_locks_reset>
10001bec:	f7fe fe2a 	bl	10000844 <irq_init_priorities>
10001bf0:	f7fe ffee 	bl	10000bd0 <alarm_pool_init_default>
10001bf4:	4c16      	ldr	r4, [pc, #88]	; (10001c50 <runtime_init+0xe8>)
10001bf6:	4e17      	ldr	r6, [pc, #92]	; (10001c54 <runtime_init+0xec>)
10001bf8:	42b4      	cmp	r4, r6
10001bfa:	d208      	bcs.n	10001c0e <runtime_init+0xa6>
10001bfc:	3e01      	subs	r6, #1
10001bfe:	1b36      	subs	r6, r6, r4
10001c00:	08b6      	lsrs	r6, r6, #2
10001c02:	cc08      	ldmia	r4!, {r3}
10001c04:	4798      	blx	r3
10001c06:	002b      	movs	r3, r5
10001c08:	3501      	adds	r5, #1
10001c0a:	429e      	cmp	r6, r3
10001c0c:	d1f9      	bne.n	10001c02 <runtime_init+0x9a>
10001c0e:	bd70      	pop	{r4, r5, r6, pc}
10001c10:	3408      	adds	r4, #8
10001c12:	f7fe fe31 	bl	10000878 <mutex_init>
10001c16:	42b4      	cmp	r4, r6
10001c18:	d3d5      	bcc.n	10001bc6 <runtime_init+0x5e>
10001c1a:	e7dd      	b.n	10001bd8 <runtime_init+0x70>
10001c1c:	4000e000 	.word	0x4000e000
10001c20:	fefbcdbf 	.word	0xfefbcdbf
10001c24:	003c7ffe 	.word	0x003c7ffe
10001c28:	4000f000 	.word	0x4000f000
10001c2c:	4000c000 	.word	0x4000c000
10001c30:	20000250 	.word	0x20000250
10001c34:	20000260 	.word	0x20000260
10001c38:	01ffffff 	.word	0x01ffffff
10001c3c:	4001f000 	.word	0x4001f000
10001c40:	20000248 	.word	0x20000248
10001c44:	20000250 	.word	0x20000250
10001c48:	20000000 	.word	0x20000000
10001c4c:	e000ed00 	.word	0xe000ed00
10001c50:	20000260 	.word	0x20000260
10001c54:	20000268 	.word	0x20000268

10001c58 <_exit>:
10001c58:	be00      	bkpt	0x0000
10001c5a:	e7fd      	b.n	10001c58 <_exit>

10001c5c <exit>:
10001c5c:	b510      	push	{r4, lr}
10001c5e:	f7ff fffb 	bl	10001c58 <_exit>
10001c62:	46c0      	nop			; (mov r8, r8)

10001c64 <panic>:
10001c64:	b40f      	push	{r0, r1, r2, r3}
10001c66:	b500      	push	{lr}
10001c68:	4808      	ldr	r0, [pc, #32]	; (10001c8c <panic+0x28>)
10001c6a:	b083      	sub	sp, #12
10001c6c:	f000 fa94 	bl	10002198 <__wrap_puts>
10001c70:	9b04      	ldr	r3, [sp, #16]
10001c72:	2b00      	cmp	r3, #0
10001c74:	d007      	beq.n	10001c86 <panic+0x22>
10001c76:	a905      	add	r1, sp, #20
10001c78:	0018      	movs	r0, r3
10001c7a:	9101      	str	r1, [sp, #4]
10001c7c:	f000 f818 	bl	10001cb0 <weak_raw_vprintf>
10001c80:	4803      	ldr	r0, [pc, #12]	; (10001c90 <panic+0x2c>)
10001c82:	f000 fa89 	bl	10002198 <__wrap_puts>
10001c86:	2001      	movs	r0, #1
10001c88:	f7ff ffe6 	bl	10001c58 <_exit>
10001c8c:	100024f4 	.word	0x100024f4
10001c90:	10002504 	.word	0x10002504

10001c94 <hard_assertion_failure>:
10001c94:	b510      	push	{r4, lr}
10001c96:	4801      	ldr	r0, [pc, #4]	; (10001c9c <hard_assertion_failure+0x8>)
10001c98:	f7ff ffe4 	bl	10001c64 <panic>
10001c9c:	10002508 	.word	0x10002508

10001ca0 <_out_char>:
10001ca0:	b510      	push	{r4, lr}
10001ca2:	2800      	cmp	r0, #0
10001ca4:	d100      	bne.n	10001ca8 <_out_char+0x8>
10001ca6:	bd10      	pop	{r4, pc}
10001ca8:	f000 fa2a 	bl	10002100 <__wrap_putchar>
10001cac:	e7fb      	b.n	10001ca6 <_out_char+0x6>
10001cae:	46c0      	nop			; (mov r8, r8)

10001cb0 <weak_raw_vprintf>:
10001cb0:	b510      	push	{r4, lr}
10001cb2:	4a09      	ldr	r2, [pc, #36]	; (10001cd8 <weak_raw_vprintf+0x28>)
10001cb4:	0003      	movs	r3, r0
10001cb6:	6814      	ldr	r4, [r2, #0]
10001cb8:	b084      	sub	sp, #16
10001cba:	2c00      	cmp	r4, #0
10001cbc:	d008      	beq.n	10001cd0 <weak_raw_vprintf+0x20>
10001cbe:	2201      	movs	r2, #1
10001cc0:	9100      	str	r1, [sp, #0]
10001cc2:	4806      	ldr	r0, [pc, #24]	; (10001cdc <weak_raw_vprintf+0x2c>)
10001cc4:	4252      	negs	r2, r2
10001cc6:	a903      	add	r1, sp, #12
10001cc8:	47a0      	blx	r4
10001cca:	2001      	movs	r0, #1
10001ccc:	b004      	add	sp, #16
10001cce:	bd10      	pop	{r4, pc}
10001cd0:	f000 fa62 	bl	10002198 <__wrap_puts>
10001cd4:	2000      	movs	r0, #0
10001cd6:	e7f9      	b.n	10001ccc <weak_raw_vprintf+0x1c>
10001cd8:	2000061c 	.word	0x2000061c
10001cdc:	10001ca1 	.word	0x10001ca1

10001ce0 <__aeabi_bits_init>:
10001ce0:	4801      	ldr	r0, [pc, #4]	; (10001ce8 <__aeabi_bits_init+0x8>)
10001ce2:	2104      	movs	r1, #4
10001ce4:	4b01      	ldr	r3, [pc, #4]	; (10001cec <__aeabi_bits_init+0xc>)
10001ce6:	4718      	bx	r3
10001ce8:	20000210 	.word	0x20000210
10001cec:	10001d11 	.word	0x10001d11

10001cf0 <rom_func_lookup>:
10001cf0:	2314      	movs	r3, #20
10001cf2:	b510      	push	{r4, lr}
10001cf4:	0001      	movs	r1, r0
10001cf6:	8818      	ldrh	r0, [r3, #0]
10001cf8:	3304      	adds	r3, #4
10001cfa:	881b      	ldrh	r3, [r3, #0]
10001cfc:	4798      	blx	r3
10001cfe:	bd10      	pop	{r4, pc}

10001d00 <rom_data_lookup>:
10001d00:	2316      	movs	r3, #22
10001d02:	b510      	push	{r4, lr}
10001d04:	0001      	movs	r1, r0
10001d06:	8818      	ldrh	r0, [r3, #0]
10001d08:	3302      	adds	r3, #2
10001d0a:	881b      	ldrh	r3, [r3, #0]
10001d0c:	4798      	blx	r3
10001d0e:	bd10      	pop	{r4, pc}

10001d10 <rom_funcs_lookup>:
10001d10:	b5f8      	push	{r3, r4, r5, r6, r7, lr}
10001d12:	4647      	mov	r7, r8
10001d14:	46ce      	mov	lr, r9
10001d16:	b580      	push	{r7, lr}
10001d18:	1e0f      	subs	r7, r1, #0
10001d1a:	d019      	beq.n	10001d50 <rom_funcs_lookup+0x40>
10001d1c:	2314      	movs	r3, #20
10001d1e:	4699      	mov	r9, r3
10001d20:	3304      	adds	r3, #4
10001d22:	0004      	movs	r4, r0
10001d24:	2500      	movs	r5, #0
10001d26:	2601      	movs	r6, #1
10001d28:	4698      	mov	r8, r3
10001d2a:	464b      	mov	r3, r9
10001d2c:	8818      	ldrh	r0, [r3, #0]
10001d2e:	4643      	mov	r3, r8
10001d30:	6821      	ldr	r1, [r4, #0]
10001d32:	881b      	ldrh	r3, [r3, #0]
10001d34:	4798      	blx	r3
10001d36:	c401      	stmia	r4!, {r0}
10001d38:	1e43      	subs	r3, r0, #1
10001d3a:	4198      	sbcs	r0, r3
10001d3c:	3501      	adds	r5, #1
10001d3e:	4240      	negs	r0, r0
10001d40:	4006      	ands	r6, r0
10001d42:	42af      	cmp	r7, r5
10001d44:	d1f1      	bne.n	10001d2a <rom_funcs_lookup+0x1a>
10001d46:	0030      	movs	r0, r6
10001d48:	bcc0      	pop	{r6, r7}
10001d4a:	46b9      	mov	r9, r7
10001d4c:	46b0      	mov	r8, r6
10001d4e:	bdf8      	pop	{r3, r4, r5, r6, r7, pc}
10001d50:	2601      	movs	r6, #1
10001d52:	e7f8      	b.n	10001d46 <rom_funcs_lookup+0x36>

10001d54 <__wrap___aeabi_uidiv>:
10001d54:	4a11      	ldr	r2, [pc, #68]	; (10001d9c <divmod_u32u32_savestate+0x18>)
10001d56:	6f93      	ldr	r3, [r2, #120]	; 0x78
10001d58:	089b      	lsrs	r3, r3, #2
10001d5a:	d213      	bcs.n	10001d84 <divmod_u32u32_savestate>

10001d5c <divmod_u32u32_unsafe>:
10001d5c:	6610      	str	r0, [r2, #96]	; 0x60
10001d5e:	6651      	str	r1, [r2, #100]	; 0x64
10001d60:	2900      	cmp	r1, #0
10001d62:	d005      	beq.n	10001d70 <divmod_u32u32_unsafe+0x14>
10001d64:	e7ff      	b.n	10001d66 <divmod_u32u32_unsafe+0xa>
10001d66:	e7ff      	b.n	10001d68 <divmod_u32u32_unsafe+0xc>
10001d68:	e7ff      	b.n	10001d6a <divmod_u32u32_unsafe+0xe>
10001d6a:	6f51      	ldr	r1, [r2, #116]	; 0x74
10001d6c:	6f10      	ldr	r0, [r2, #112]	; 0x70
10001d6e:	4770      	bx	lr
10001d70:	b504      	push	{r2, lr}
10001d72:	2800      	cmp	r0, #0
10001d74:	d001      	beq.n	10001d7a <divmod_u32u32_unsafe+0x1e>
10001d76:	2000      	movs	r0, #0
10001d78:	43c0      	mvns	r0, r0
10001d7a:	f000 fb99 	bl	100024b0 <____aeabi_idiv0_veneer>
10001d7e:	2100      	movs	r1, #0
10001d80:	bd04      	pop	{r2, pc}
10001d82:	46c0      	nop			; (mov r8, r8)

10001d84 <divmod_u32u32_savestate>:
10001d84:	b5f0      	push	{r4, r5, r6, r7, lr}
10001d86:	6e14      	ldr	r4, [r2, #96]	; 0x60
10001d88:	6e55      	ldr	r5, [r2, #100]	; 0x64
10001d8a:	6f57      	ldr	r7, [r2, #116]	; 0x74
10001d8c:	6f16      	ldr	r6, [r2, #112]	; 0x70
10001d8e:	f7ff ffe5 	bl	10001d5c <divmod_u32u32_unsafe>
10001d92:	6614      	str	r4, [r2, #96]	; 0x60
10001d94:	6655      	str	r5, [r2, #100]	; 0x64
10001d96:	6757      	str	r7, [r2, #116]	; 0x74
10001d98:	6716      	str	r6, [r2, #112]	; 0x70
10001d9a:	bdf0      	pop	{r4, r5, r6, r7, pc}
10001d9c:	d0000000 	.word	0xd0000000

10001da0 <__aeabi_double_init>:
10001da0:	2313      	movs	r3, #19
10001da2:	b570      	push	{r4, r5, r6, lr}
10001da4:	781d      	ldrb	r5, [r3, #0]
10001da6:	2d01      	cmp	r5, #1
10001da8:	d015      	beq.n	10001dd6 <__aeabi_double_init+0x36>
10001daa:	dd10      	ble.n	10001dce <__aeabi_double_init+0x2e>
10001dac:	481c      	ldr	r0, [pc, #112]	; (10001e20 <__aeabi_double_init+0x80>)
10001dae:	f7ff ffa7 	bl	10001d00 <rom_data_lookup>
10001db2:	4c1c      	ldr	r4, [pc, #112]	; (10001e24 <__aeabi_double_init+0x84>)
10001db4:	0001      	movs	r1, r0
10001db6:	2280      	movs	r2, #128	; 0x80
10001db8:	0020      	movs	r0, r4
10001dba:	f000 f8bb 	bl	10001f34 <__wrap___aeabi_memcpy>
10001dbe:	2d02      	cmp	r5, #2
10001dc0:	d006      	beq.n	10001dd0 <__aeabi_double_init+0x30>
10001dc2:	4819      	ldr	r0, [pc, #100]	; (10001e28 <__aeabi_double_init+0x88>)
10001dc4:	f7ff ff94 	bl	10001cf0 <rom_func_lookup>
10001dc8:	4b18      	ldr	r3, [pc, #96]	; (10001e2c <__aeabi_double_init+0x8c>)
10001dca:	6018      	str	r0, [r3, #0]
10001dcc:	bd70      	pop	{r4, r5, r6, pc}
10001dce:	4c15      	ldr	r4, [pc, #84]	; (10001e24 <__aeabi_double_init+0x84>)
10001dd0:	4b17      	ldr	r3, [pc, #92]	; (10001e30 <__aeabi_double_init+0x90>)
10001dd2:	64a3      	str	r3, [r4, #72]	; 0x48
10001dd4:	e7f5      	b.n	10001dc2 <__aeabi_double_init+0x22>
10001dd6:	4b16      	ldr	r3, [pc, #88]	; (10001e30 <__aeabi_double_init+0x90>)
10001dd8:	4c12      	ldr	r4, [pc, #72]	; (10001e24 <__aeabi_double_init+0x84>)
10001dda:	6023      	str	r3, [r4, #0]
10001ddc:	6063      	str	r3, [r4, #4]
10001dde:	60a3      	str	r3, [r4, #8]
10001de0:	60e3      	str	r3, [r4, #12]
10001de2:	6123      	str	r3, [r4, #16]
10001de4:	6163      	str	r3, [r4, #20]
10001de6:	61a3      	str	r3, [r4, #24]
10001de8:	61e3      	str	r3, [r4, #28]
10001dea:	6223      	str	r3, [r4, #32]
10001dec:	6263      	str	r3, [r4, #36]	; 0x24
10001dee:	62a3      	str	r3, [r4, #40]	; 0x28
10001df0:	62e3      	str	r3, [r4, #44]	; 0x2c
10001df2:	6323      	str	r3, [r4, #48]	; 0x30
10001df4:	6363      	str	r3, [r4, #52]	; 0x34
10001df6:	63a3      	str	r3, [r4, #56]	; 0x38
10001df8:	63e3      	str	r3, [r4, #60]	; 0x3c
10001dfa:	6423      	str	r3, [r4, #64]	; 0x40
10001dfc:	6463      	str	r3, [r4, #68]	; 0x44
10001dfe:	64a3      	str	r3, [r4, #72]	; 0x48
10001e00:	64e3      	str	r3, [r4, #76]	; 0x4c
10001e02:	6523      	str	r3, [r4, #80]	; 0x50
10001e04:	6563      	str	r3, [r4, #84]	; 0x54
10001e06:	65a3      	str	r3, [r4, #88]	; 0x58
10001e08:	65e3      	str	r3, [r4, #92]	; 0x5c
10001e0a:	6623      	str	r3, [r4, #96]	; 0x60
10001e0c:	6663      	str	r3, [r4, #100]	; 0x64
10001e0e:	66a3      	str	r3, [r4, #104]	; 0x68
10001e10:	66e3      	str	r3, [r4, #108]	; 0x6c
10001e12:	6723      	str	r3, [r4, #112]	; 0x70
10001e14:	6763      	str	r3, [r4, #116]	; 0x74
10001e16:	67a3      	str	r3, [r4, #120]	; 0x78
10001e18:	67e3      	str	r3, [r4, #124]	; 0x7c
10001e1a:	64a3      	str	r3, [r4, #72]	; 0x48
10001e1c:	e7d1      	b.n	10001dc2 <__aeabi_double_init+0x22>
10001e1e:	46c0      	nop			; (mov r8, r8)
10001e20:	00004453 	.word	0x00004453
10001e24:	20000378 	.word	0x20000378
10001e28:	0000334c 	.word	0x0000334c
10001e2c:	20000630 	.word	0x20000630
10001e30:	10001e35 	.word	0x10001e35

10001e34 <double_table_shim_on_use_helper>:
10001e34:	b507      	push	{r0, r1, r2, lr}
10001e36:	4660      	mov	r0, ip
10001e38:	8801      	ldrh	r1, [r0, #0]
10001e3a:	0a0a      	lsrs	r2, r1, #8
10001e3c:	3002      	adds	r0, #2
10001e3e:	2adf      	cmp	r2, #223	; 0xdf
10001e40:	d1fa      	bne.n	10001e38 <double_table_shim_on_use_helper+0x4>
10001e42:	b2c9      	uxtb	r1, r1
10001e44:	0882      	lsrs	r2, r0, #2
10001e46:	d304      	bcc.n	10001e52 <double_table_shim_on_use_helper+0x1e>
10001e48:	8802      	ldrh	r2, [r0, #0]
10001e4a:	8840      	ldrh	r0, [r0, #2]
10001e4c:	0400      	lsls	r0, r0, #16
10001e4e:	4310      	orrs	r0, r2
10001e50:	e000      	b.n	10001e54 <double_table_shim_on_use_helper+0x20>
10001e52:	6800      	ldr	r0, [r0, #0]
10001e54:	4a01      	ldr	r2, [pc, #4]	; (10001e5c <double_table_shim_on_use_helper+0x28>)
10001e56:	5050      	str	r0, [r2, r1]
10001e58:	9003      	str	r0, [sp, #12]
10001e5a:	bd07      	pop	{r0, r1, r2, pc}
10001e5c:	20000378 	.word	0x20000378

10001e60 <__wrap___aeabi_lmul>:
10001e60:	4351      	muls	r1, r2
10001e62:	4343      	muls	r3, r0
10001e64:	18c9      	adds	r1, r1, r3
10001e66:	468c      	mov	ip, r1
10001e68:	0c11      	lsrs	r1, r2, #16
10001e6a:	b283      	uxth	r3, r0
10001e6c:	434b      	muls	r3, r1
10001e6e:	b410      	push	{r4}
10001e70:	0c04      	lsrs	r4, r0, #16
10001e72:	4361      	muls	r1, r4
10001e74:	b292      	uxth	r2, r2
10001e76:	b280      	uxth	r0, r0
10001e78:	4350      	muls	r0, r2
10001e7a:	4362      	muls	r2, r4
10001e7c:	041c      	lsls	r4, r3, #16
10001e7e:	0c1b      	lsrs	r3, r3, #16
10001e80:	1900      	adds	r0, r0, r4
10001e82:	bc10      	pop	{r4}
10001e84:	4159      	adcs	r1, r3
10001e86:	0413      	lsls	r3, r2, #16
10001e88:	0c12      	lsrs	r2, r2, #16
10001e8a:	18c0      	adds	r0, r0, r3
10001e8c:	4151      	adcs	r1, r2
10001e8e:	4461      	add	r1, ip
10001e90:	4770      	bx	lr
	...

10001e94 <__aeabi_float_init>:
10001e94:	2313      	movs	r3, #19
10001e96:	b510      	push	{r4, lr}
10001e98:	4812      	ldr	r0, [pc, #72]	; (10001ee4 <__aeabi_float_init+0x50>)
10001e9a:	781c      	ldrb	r4, [r3, #0]
10001e9c:	f7ff ff30 	bl	10001d00 <rom_data_lookup>
10001ea0:	0001      	movs	r1, r0
10001ea2:	2c01      	cmp	r4, #1
10001ea4:	d00a      	beq.n	10001ebc <__aeabi_float_init+0x28>
10001ea6:	dd03      	ble.n	10001eb0 <__aeabi_float_init+0x1c>
10001ea8:	2280      	movs	r2, #128	; 0x80
10001eaa:	480f      	ldr	r0, [pc, #60]	; (10001ee8 <__aeabi_float_init+0x54>)
10001eac:	f000 f842 	bl	10001f34 <__wrap___aeabi_memcpy>
10001eb0:	480e      	ldr	r0, [pc, #56]	; (10001eec <__aeabi_float_init+0x58>)
10001eb2:	f7ff ff1d 	bl	10001cf0 <rom_func_lookup>
10001eb6:	4b0e      	ldr	r3, [pc, #56]	; (10001ef0 <__aeabi_float_init+0x5c>)
10001eb8:	6018      	str	r0, [r3, #0]
10001eba:	bd10      	pop	{r4, pc}
10001ebc:	4c0a      	ldr	r4, [pc, #40]	; (10001ee8 <__aeabi_float_init+0x54>)
10001ebe:	2254      	movs	r2, #84	; 0x54
10001ec0:	0020      	movs	r0, r4
10001ec2:	f000 f837 	bl	10001f34 <__wrap___aeabi_memcpy>
10001ec6:	4b0b      	ldr	r3, [pc, #44]	; (10001ef4 <__aeabi_float_init+0x60>)
10001ec8:	6563      	str	r3, [r4, #84]	; 0x54
10001eca:	65a3      	str	r3, [r4, #88]	; 0x58
10001ecc:	65e3      	str	r3, [r4, #92]	; 0x5c
10001ece:	6623      	str	r3, [r4, #96]	; 0x60
10001ed0:	6663      	str	r3, [r4, #100]	; 0x64
10001ed2:	66a3      	str	r3, [r4, #104]	; 0x68
10001ed4:	66e3      	str	r3, [r4, #108]	; 0x6c
10001ed6:	6723      	str	r3, [r4, #112]	; 0x70
10001ed8:	6763      	str	r3, [r4, #116]	; 0x74
10001eda:	67a3      	str	r3, [r4, #120]	; 0x78
10001edc:	67e3      	str	r3, [r4, #124]	; 0x7c
10001ede:	6223      	str	r3, [r4, #32]
10001ee0:	61e3      	str	r3, [r4, #28]
10001ee2:	e7e5      	b.n	10001eb0 <__aeabi_float_init+0x1c>
10001ee4:	00004653 	.word	0x00004653
10001ee8:	20000478 	.word	0x20000478
10001eec:	0000334c 	.word	0x0000334c
10001ef0:	20000630 	.word	0x20000630
10001ef4:	10001ef9 	.word	0x10001ef9

10001ef8 <float_table_shim_on_use_helper>:
10001ef8:	b507      	push	{r0, r1, r2, lr}
10001efa:	4660      	mov	r0, ip
10001efc:	8801      	ldrh	r1, [r0, #0]
10001efe:	0a0a      	lsrs	r2, r1, #8
10001f00:	3002      	adds	r0, #2
10001f02:	2adf      	cmp	r2, #223	; 0xdf
10001f04:	d1fa      	bne.n	10001efc <float_table_shim_on_use_helper+0x4>
10001f06:	b2c9      	uxtb	r1, r1
10001f08:	0882      	lsrs	r2, r0, #2
10001f0a:	d304      	bcc.n	10001f16 <float_table_shim_on_use_helper+0x1e>
10001f0c:	8802      	ldrh	r2, [r0, #0]
10001f0e:	8840      	ldrh	r0, [r0, #2]
10001f10:	0400      	lsls	r0, r0, #16
10001f12:	4310      	orrs	r0, r2
10001f14:	e000      	b.n	10001f18 <float_table_shim_on_use_helper+0x20>
10001f16:	6800      	ldr	r0, [r0, #0]
10001f18:	4a01      	ldr	r2, [pc, #4]	; (10001f20 <float_table_shim_on_use_helper+0x28>)
10001f1a:	5050      	str	r0, [r2, r1]
10001f1c:	9003      	str	r0, [sp, #12]
10001f1e:	bd07      	pop	{r0, r1, r2, pc}
10001f20:	20000478 	.word	0x20000478

10001f24 <__aeabi_mem_init>:
10001f24:	4801      	ldr	r0, [pc, #4]	; (10001f2c <__aeabi_mem_init+0x8>)
10001f26:	2104      	movs	r1, #4
10001f28:	4b01      	ldr	r3, [pc, #4]	; (10001f30 <__aeabi_mem_init+0xc>)
10001f2a:	4718      	bx	r3
10001f2c:	20000220 	.word	0x20000220
10001f30:	10001d11 	.word	0x10001d11

10001f34 <__wrap___aeabi_memcpy>:
10001f34:	4b01      	ldr	r3, [pc, #4]	; (10001f3c <__wrap___aeabi_memcpy+0x8>)
10001f36:	685b      	ldr	r3, [r3, #4]
10001f38:	4718      	bx	r3
10001f3a:	0000      	.short	0x0000
10001f3c:	20000220 	.word	0x20000220

10001f40 <stdio_out_chars_no_crlf>:
10001f40:	0003      	movs	r3, r0
10001f42:	b510      	push	{r4, lr}
10001f44:	0008      	movs	r0, r1
10001f46:	0011      	movs	r1, r2
10001f48:	681b      	ldr	r3, [r3, #0]
10001f4a:	4798      	blx	r3
10001f4c:	bd10      	pop	{r4, pc}
10001f4e:	46c0      	nop			; (mov r8, r8)

10001f50 <stdio_out_chars_crlf>:
10001f50:	b5f0      	push	{r4, r5, r6, r7, lr}
10001f52:	4646      	mov	r6, r8
10001f54:	464f      	mov	r7, r9
10001f56:	46d6      	mov	lr, sl
10001f58:	b5c0      	push	{r6, r7, lr}
10001f5a:	7d43      	ldrb	r3, [r0, #21]
10001f5c:	4680      	mov	r8, r0
10001f5e:	000e      	movs	r6, r1
10001f60:	0017      	movs	r7, r2
10001f62:	2b00      	cmp	r3, #0
10001f64:	d046      	beq.n	10001ff4 <stdio_out_chars_crlf+0xa4>
10001f66:	2a00      	cmp	r2, #0
10001f68:	dd3f      	ble.n	10001fea <stdio_out_chars_crlf+0x9a>
10001f6a:	1e4b      	subs	r3, r1, #1
10001f6c:	4699      	mov	r9, r3
10001f6e:	4b24      	ldr	r3, [pc, #144]	; (10002000 <stdio_out_chars_crlf+0xb0>)
10001f70:	2501      	movs	r5, #1
10001f72:	2400      	movs	r4, #0
10001f74:	2000      	movs	r0, #0
10001f76:	469a      	mov	sl, r3
10001f78:	e00d      	b.n	10001f96 <stdio_out_chars_crlf+0x46>
10001f7a:	464b      	mov	r3, r9
10001f7c:	5d1b      	ldrb	r3, [r3, r4]
10001f7e:	3b0d      	subs	r3, #13
10001f80:	425a      	negs	r2, r3
10001f82:	4153      	adcs	r3, r2
10001f84:	5d32      	ldrb	r2, [r6, r4]
10001f86:	b2db      	uxtb	r3, r3
10001f88:	2a0a      	cmp	r2, #10
10001f8a:	d00b      	beq.n	10001fa4 <stdio_out_chars_crlf+0x54>
10001f8c:	002b      	movs	r3, r5
10001f8e:	3401      	adds	r4, #1
10001f90:	3501      	adds	r5, #1
10001f92:	429f      	cmp	r7, r3
10001f94:	dd1a      	ble.n	10001fcc <stdio_out_chars_crlf+0x7c>
10001f96:	2c00      	cmp	r4, #0
10001f98:	d1ef      	bne.n	10001f7a <stdio_out_chars_crlf+0x2a>
10001f9a:	4643      	mov	r3, r8
10001f9c:	5d32      	ldrb	r2, [r6, r4]
10001f9e:	7d1b      	ldrb	r3, [r3, #20]
10001fa0:	2a0a      	cmp	r2, #10
10001fa2:	d1f3      	bne.n	10001f8c <stdio_out_chars_crlf+0x3c>
10001fa4:	2b00      	cmp	r3, #0
10001fa6:	d1f1      	bne.n	10001f8c <stdio_out_chars_crlf+0x3c>
10001fa8:	42a0      	cmp	r0, r4
10001faa:	da04      	bge.n	10001fb6 <stdio_out_chars_crlf+0x66>
10001fac:	4643      	mov	r3, r8
10001fae:	1a21      	subs	r1, r4, r0
10001fb0:	681b      	ldr	r3, [r3, #0]
10001fb2:	1830      	adds	r0, r6, r0
10001fb4:	4798      	blx	r3
10001fb6:	4643      	mov	r3, r8
10001fb8:	4650      	mov	r0, sl
10001fba:	681b      	ldr	r3, [r3, #0]
10001fbc:	2102      	movs	r1, #2
10001fbe:	4798      	blx	r3
10001fc0:	3401      	adds	r4, #1
10001fc2:	0028      	movs	r0, r5
10001fc4:	002b      	movs	r3, r5
10001fc6:	3501      	adds	r5, #1
10001fc8:	429f      	cmp	r7, r3
10001fca:	dce4      	bgt.n	10001f96 <stdio_out_chars_crlf+0x46>
10001fcc:	4287      	cmp	r7, r0
10001fce:	dd04      	ble.n	10001fda <stdio_out_chars_crlf+0x8a>
10001fd0:	4643      	mov	r3, r8
10001fd2:	1a39      	subs	r1, r7, r0
10001fd4:	681b      	ldr	r3, [r3, #0]
10001fd6:	1830      	adds	r0, r6, r0
10001fd8:	4798      	blx	r3
10001fda:	19f6      	adds	r6, r6, r7
10001fdc:	3e01      	subs	r6, #1
10001fde:	7833      	ldrb	r3, [r6, #0]
10001fe0:	3b0d      	subs	r3, #13
10001fe2:	425a      	negs	r2, r3
10001fe4:	4153      	adcs	r3, r2
10001fe6:	4642      	mov	r2, r8
10001fe8:	7513      	strb	r3, [r2, #20]
10001fea:	bce0      	pop	{r5, r6, r7}
10001fec:	46ba      	mov	sl, r7
10001fee:	46b1      	mov	r9, r6
10001ff0:	46a8      	mov	r8, r5
10001ff2:	bdf0      	pop	{r4, r5, r6, r7, pc}
10001ff4:	6803      	ldr	r3, [r0, #0]
10001ff6:	0011      	movs	r1, r2
10001ff8:	0030      	movs	r0, r6
10001ffa:	4798      	blx	r3
10001ffc:	e7f5      	b.n	10001fea <stdio_out_chars_crlf+0x9a>
10001ffe:	46c0      	nop			; (mov r8, r8)
10002000:	10002574 	.word	0x10002574

10002004 <stdio_put_string.isra.0>:
10002004:	b5f0      	push	{r4, r5, r6, r7, lr}
10002006:	46de      	mov	lr, fp
10002008:	4657      	mov	r7, sl
1000200a:	464e      	mov	r6, r9
1000200c:	4645      	mov	r5, r8
1000200e:	b5e0      	push	{r5, r6, r7, lr}
10002010:	b085      	sub	sp, #20
10002012:	0017      	movs	r7, r2
10002014:	001c      	movs	r4, r3
10002016:	0006      	movs	r6, r0
10002018:	000d      	movs	r5, r1
1000201a:	f7ff f81b 	bl	10001054 <time_us_64>
1000201e:	2300      	movs	r3, #0
10002020:	4a30      	ldr	r2, [pc, #192]	; (100020e4 <stdio_put_string.isra.0+0xe0>)
10002022:	1812      	adds	r2, r2, r0
10002024:	414b      	adcs	r3, r1
10002026:	2b00      	cmp	r3, #0
10002028:	db58      	blt.n	100020dc <stdio_put_string.isra.0+0xd8>
1000202a:	492f      	ldr	r1, [pc, #188]	; (100020e8 <stdio_put_string.isra.0+0xe4>)
1000202c:	0008      	movs	r0, r1
1000202e:	468a      	mov	sl, r1
10002030:	f000 fa46 	bl	100024c0 <__mutex_try_enter_block_until_veneer>
10002034:	9001      	str	r0, [sp, #4]
10002036:	1c6b      	adds	r3, r5, #1
10002038:	d103      	bne.n	10002042 <stdio_put_string.isra.0+0x3e>
1000203a:	0030      	movs	r0, r6
1000203c:	f000 f9fe 	bl	1000243c <strlen>
10002040:	0005      	movs	r5, r0
10002042:	2c00      	cmp	r4, #0
10002044:	d125      	bne.n	10002092 <stdio_put_string.isra.0+0x8e>
10002046:	4b29      	ldr	r3, [pc, #164]	; (100020ec <stdio_put_string.isra.0+0xe8>)
10002048:	4698      	mov	r8, r3
1000204a:	4b29      	ldr	r3, [pc, #164]	; (100020f0 <stdio_put_string.isra.0+0xec>)
1000204c:	681c      	ldr	r4, [r3, #0]
1000204e:	2c00      	cmp	r4, #0
10002050:	d015      	beq.n	1000207e <stdio_put_string.isra.0+0x7a>
10002052:	2f00      	cmp	r7, #0
10002054:	d120      	bne.n	10002098 <stdio_put_string.isra.0+0x94>
10002056:	4f27      	ldr	r7, [pc, #156]	; (100020f4 <stdio_put_string.isra.0+0xf0>)
10002058:	e002      	b.n	10002060 <stdio_put_string.isra.0+0x5c>
1000205a:	6924      	ldr	r4, [r4, #16]
1000205c:	2c00      	cmp	r4, #0
1000205e:	d00e      	beq.n	1000207e <stdio_put_string.isra.0+0x7a>
10002060:	6823      	ldr	r3, [r4, #0]
10002062:	2b00      	cmp	r3, #0
10002064:	d0f9      	beq.n	1000205a <stdio_put_string.isra.0+0x56>
10002066:	683b      	ldr	r3, [r7, #0]
10002068:	2b00      	cmp	r3, #0
1000206a:	d001      	beq.n	10002070 <stdio_put_string.isra.0+0x6c>
1000206c:	42a3      	cmp	r3, r4
1000206e:	d1f4      	bne.n	1000205a <stdio_put_string.isra.0+0x56>
10002070:	0020      	movs	r0, r4
10002072:	002a      	movs	r2, r5
10002074:	0031      	movs	r1, r6
10002076:	47c0      	blx	r8
10002078:	6924      	ldr	r4, [r4, #16]
1000207a:	2c00      	cmp	r4, #0
1000207c:	d1f0      	bne.n	10002060 <stdio_put_string.isra.0+0x5c>
1000207e:	9b01      	ldr	r3, [sp, #4]
10002080:	2b00      	cmp	r3, #0
10002082:	d127      	bne.n	100020d4 <stdio_put_string.isra.0+0xd0>
10002084:	b005      	add	sp, #20
10002086:	bcf0      	pop	{r4, r5, r6, r7}
10002088:	46bb      	mov	fp, r7
1000208a:	46b2      	mov	sl, r6
1000208c:	46a9      	mov	r9, r5
1000208e:	46a0      	mov	r8, r4
10002090:	bdf0      	pop	{r4, r5, r6, r7, pc}
10002092:	4b19      	ldr	r3, [pc, #100]	; (100020f8 <stdio_put_string.isra.0+0xf4>)
10002094:	4698      	mov	r8, r3
10002096:	e7d8      	b.n	1000204a <stdio_put_string.isra.0+0x46>
10002098:	4b16      	ldr	r3, [pc, #88]	; (100020f4 <stdio_put_string.isra.0+0xf0>)
1000209a:	4699      	mov	r9, r3
1000209c:	ab02      	add	r3, sp, #8
1000209e:	1ddf      	adds	r7, r3, #7
100020a0:	230a      	movs	r3, #10
100020a2:	469b      	mov	fp, r3
100020a4:	e002      	b.n	100020ac <stdio_put_string.isra.0+0xa8>
100020a6:	6924      	ldr	r4, [r4, #16]
100020a8:	2c00      	cmp	r4, #0
100020aa:	d0e8      	beq.n	1000207e <stdio_put_string.isra.0+0x7a>
100020ac:	6823      	ldr	r3, [r4, #0]
100020ae:	2b00      	cmp	r3, #0
100020b0:	d0f9      	beq.n	100020a6 <stdio_put_string.isra.0+0xa2>
100020b2:	464b      	mov	r3, r9
100020b4:	681b      	ldr	r3, [r3, #0]
100020b6:	2b00      	cmp	r3, #0
100020b8:	d001      	beq.n	100020be <stdio_put_string.isra.0+0xba>
100020ba:	42a3      	cmp	r3, r4
100020bc:	d1f3      	bne.n	100020a6 <stdio_put_string.isra.0+0xa2>
100020be:	002a      	movs	r2, r5
100020c0:	0031      	movs	r1, r6
100020c2:	0020      	movs	r0, r4
100020c4:	47c0      	blx	r8
100020c6:	465b      	mov	r3, fp
100020c8:	2201      	movs	r2, #1
100020ca:	0039      	movs	r1, r7
100020cc:	0020      	movs	r0, r4
100020ce:	703b      	strb	r3, [r7, #0]
100020d0:	47c0      	blx	r8
100020d2:	e7e8      	b.n	100020a6 <stdio_put_string.isra.0+0xa2>
100020d4:	4650      	mov	r0, sl
100020d6:	f000 f9e3 	bl	100024a0 <__mutex_exit_veneer>
100020da:	e7d3      	b.n	10002084 <stdio_put_string.isra.0+0x80>
100020dc:	2201      	movs	r2, #1
100020de:	4b07      	ldr	r3, [pc, #28]	; (100020fc <stdio_put_string.isra.0+0xf8>)
100020e0:	4252      	negs	r2, r2
100020e2:	e7a2      	b.n	1000202a <stdio_put_string.isra.0+0x26>
100020e4:	000f4240 	.word	0x000f4240
100020e8:	20000248 	.word	0x20000248
100020ec:	10001f51 	.word	0x10001f51
100020f0:	20000614 	.word	0x20000614
100020f4:	20000618 	.word	0x20000618
100020f8:	10001f41 	.word	0x10001f41
100020fc:	7fffffff 	.word	0x7fffffff

10002100 <__wrap_putchar>:
10002100:	b5f0      	push	{r4, r5, r6, r7, lr}
10002102:	46ce      	mov	lr, r9
10002104:	4647      	mov	r7, r8
10002106:	b580      	push	{r7, lr}
10002108:	b083      	sub	sp, #12
1000210a:	466b      	mov	r3, sp
1000210c:	0006      	movs	r6, r0
1000210e:	1ddd      	adds	r5, r3, #7
10002110:	7028      	strb	r0, [r5, #0]
10002112:	f7fe ff9f 	bl	10001054 <time_us_64>
10002116:	2300      	movs	r3, #0
10002118:	4a1a      	ldr	r2, [pc, #104]	; (10002184 <__wrap_putchar+0x84>)
1000211a:	1812      	adds	r2, r2, r0
1000211c:	414b      	adcs	r3, r1
1000211e:	2b00      	cmp	r3, #0
10002120:	db2b      	blt.n	1000217a <__wrap_putchar+0x7a>
10002122:	4919      	ldr	r1, [pc, #100]	; (10002188 <__wrap_putchar+0x88>)
10002124:	0008      	movs	r0, r1
10002126:	4688      	mov	r8, r1
10002128:	f000 f9ca 	bl	100024c0 <__mutex_try_enter_block_until_veneer>
1000212c:	4b17      	ldr	r3, [pc, #92]	; (1000218c <__wrap_putchar+0x8c>)
1000212e:	4681      	mov	r9, r0
10002130:	681c      	ldr	r4, [r3, #0]
10002132:	2c00      	cmp	r4, #0
10002134:	d014      	beq.n	10002160 <__wrap_putchar+0x60>
10002136:	4f16      	ldr	r7, [pc, #88]	; (10002190 <__wrap_putchar+0x90>)
10002138:	e002      	b.n	10002140 <__wrap_putchar+0x40>
1000213a:	6924      	ldr	r4, [r4, #16]
1000213c:	2c00      	cmp	r4, #0
1000213e:	d00f      	beq.n	10002160 <__wrap_putchar+0x60>
10002140:	6823      	ldr	r3, [r4, #0]
10002142:	2b00      	cmp	r3, #0
10002144:	d0f9      	beq.n	1000213a <__wrap_putchar+0x3a>
10002146:	683b      	ldr	r3, [r7, #0]
10002148:	2b00      	cmp	r3, #0
1000214a:	d001      	beq.n	10002150 <__wrap_putchar+0x50>
1000214c:	42a3      	cmp	r3, r4
1000214e:	d1f4      	bne.n	1000213a <__wrap_putchar+0x3a>
10002150:	0020      	movs	r0, r4
10002152:	2201      	movs	r2, #1
10002154:	0029      	movs	r1, r5
10002156:	f7ff fefb 	bl	10001f50 <stdio_out_chars_crlf>
1000215a:	6924      	ldr	r4, [r4, #16]
1000215c:	2c00      	cmp	r4, #0
1000215e:	d1ef      	bne.n	10002140 <__wrap_putchar+0x40>
10002160:	464b      	mov	r3, r9
10002162:	2b00      	cmp	r3, #0
10002164:	d105      	bne.n	10002172 <__wrap_putchar+0x72>
10002166:	0030      	movs	r0, r6
10002168:	b003      	add	sp, #12
1000216a:	bcc0      	pop	{r6, r7}
1000216c:	46b9      	mov	r9, r7
1000216e:	46b0      	mov	r8, r6
10002170:	bdf0      	pop	{r4, r5, r6, r7, pc}
10002172:	4640      	mov	r0, r8
10002174:	f000 f994 	bl	100024a0 <__mutex_exit_veneer>
10002178:	e7f5      	b.n	10002166 <__wrap_putchar+0x66>
1000217a:	2201      	movs	r2, #1
1000217c:	4b05      	ldr	r3, [pc, #20]	; (10002194 <__wrap_putchar+0x94>)
1000217e:	4252      	negs	r2, r2
10002180:	e7cf      	b.n	10002122 <__wrap_putchar+0x22>
10002182:	46c0      	nop			; (mov r8, r8)
10002184:	000f4240 	.word	0x000f4240
10002188:	20000248 	.word	0x20000248
1000218c:	20000614 	.word	0x20000614
10002190:	20000618 	.word	0x20000618
10002194:	7fffffff 	.word	0x7fffffff

10002198 <__wrap_puts>:
10002198:	b570      	push	{r4, r5, r6, lr}
1000219a:	0004      	movs	r4, r0
1000219c:	f000 f94e 	bl	1000243c <strlen>
100021a0:	2300      	movs	r3, #0
100021a2:	0001      	movs	r1, r0
100021a4:	0005      	movs	r5, r0
100021a6:	2201      	movs	r2, #1
100021a8:	0020      	movs	r0, r4
100021aa:	f7ff ff2b 	bl	10002004 <stdio_put_string.isra.0>
100021ae:	4b08      	ldr	r3, [pc, #32]	; (100021d0 <__wrap_puts+0x38>)
100021b0:	681c      	ldr	r4, [r3, #0]
100021b2:	2c00      	cmp	r4, #0
100021b4:	d006      	beq.n	100021c4 <__wrap_puts+0x2c>
100021b6:	6863      	ldr	r3, [r4, #4]
100021b8:	2b00      	cmp	r3, #0
100021ba:	d005      	beq.n	100021c8 <__wrap_puts+0x30>
100021bc:	4798      	blx	r3
100021be:	6924      	ldr	r4, [r4, #16]
100021c0:	2c00      	cmp	r4, #0
100021c2:	d1f8      	bne.n	100021b6 <__wrap_puts+0x1e>
100021c4:	0028      	movs	r0, r5
100021c6:	bd70      	pop	{r4, r5, r6, pc}
100021c8:	6924      	ldr	r4, [r4, #16]
100021ca:	2c00      	cmp	r4, #0
100021cc:	d1f3      	bne.n	100021b6 <__wrap_puts+0x1e>
100021ce:	e7f9      	b.n	100021c4 <__wrap_puts+0x2c>
100021d0:	20000614 	.word	0x20000614

100021d4 <stdio_set_driver_enabled>:
100021d4:	4a0a      	ldr	r2, [pc, #40]	; (10002200 <stdio_set_driver_enabled+0x2c>)
100021d6:	6813      	ldr	r3, [r2, #0]
100021d8:	2b00      	cmp	r3, #0
100021da:	d105      	bne.n	100021e8 <stdio_set_driver_enabled+0x14>
100021dc:	e00c      	b.n	100021f8 <stdio_set_driver_enabled+0x24>
100021de:	001a      	movs	r2, r3
100021e0:	691b      	ldr	r3, [r3, #16]
100021e2:	3210      	adds	r2, #16
100021e4:	2b00      	cmp	r3, #0
100021e6:	d007      	beq.n	100021f8 <stdio_set_driver_enabled+0x24>
100021e8:	4298      	cmp	r0, r3
100021ea:	d1f8      	bne.n	100021de <stdio_set_driver_enabled+0xa>
100021ec:	2900      	cmp	r1, #0
100021ee:	d102      	bne.n	100021f6 <stdio_set_driver_enabled+0x22>
100021f0:	6903      	ldr	r3, [r0, #16]
100021f2:	6013      	str	r3, [r2, #0]
100021f4:	6101      	str	r1, [r0, #16]
100021f6:	4770      	bx	lr
100021f8:	2900      	cmp	r1, #0
100021fa:	d0fc      	beq.n	100021f6 <stdio_set_driver_enabled+0x22>
100021fc:	6010      	str	r0, [r2, #0]
100021fe:	e7fa      	b.n	100021f6 <stdio_set_driver_enabled+0x22>
10002200:	20000614 	.word	0x20000614

10002204 <stdio_init_all>:
10002204:	b510      	push	{r4, lr}
10002206:	f000 f8c5 	bl	10002394 <stdio_uart_init>
1000220a:	2001      	movs	r0, #1
1000220c:	bd10      	pop	{r4, pc}
1000220e:	46c0      	nop			; (mov r8, r8)

10002210 <stdio_uart_out_chars>:
10002210:	b5f0      	push	{r4, r5, r6, r7, lr}
10002212:	1e0d      	subs	r5, r1, #0
10002214:	dd15      	ble.n	10002242 <stdio_uart_out_chars+0x32>
10002216:	4b0e      	ldr	r3, [pc, #56]	; (10002250 <stdio_uart_out_chars+0x40>)
10002218:	270d      	movs	r7, #13
1000221a:	681a      	ldr	r2, [r3, #0]
1000221c:	4b0d      	ldr	r3, [pc, #52]	; (10002254 <stdio_uart_out_chars+0x44>)
1000221e:	1945      	adds	r5, r0, r5
10002220:	18d3      	adds	r3, r2, r3
10002222:	4259      	negs	r1, r3
10002224:	414b      	adcs	r3, r1
10002226:	490c      	ldr	r1, [pc, #48]	; (10002258 <stdio_uart_out_chars+0x48>)
10002228:	005b      	lsls	r3, r3, #1
1000222a:	5e5e      	ldrsh	r6, [r3, r1]
1000222c:	2120      	movs	r1, #32
1000222e:	7804      	ldrb	r4, [r0, #0]
10002230:	42a6      	cmp	r6, r4
10002232:	d007      	beq.n	10002244 <stdio_uart_out_chars+0x34>
10002234:	6993      	ldr	r3, [r2, #24]
10002236:	4219      	tst	r1, r3
10002238:	d1fc      	bne.n	10002234 <stdio_uart_out_chars+0x24>
1000223a:	3001      	adds	r0, #1
1000223c:	6014      	str	r4, [r2, #0]
1000223e:	42a8      	cmp	r0, r5
10002240:	d1f5      	bne.n	1000222e <stdio_uart_out_chars+0x1e>
10002242:	bdf0      	pop	{r4, r5, r6, r7, pc}
10002244:	6993      	ldr	r3, [r2, #24]
10002246:	4219      	tst	r1, r3
10002248:	d1fc      	bne.n	10002244 <stdio_uart_out_chars+0x34>
1000224a:	6017      	str	r7, [r2, #0]
1000224c:	e7f2      	b.n	10002234 <stdio_uart_out_chars+0x24>
1000224e:	46c0      	nop			; (mov r8, r8)
10002250:	2000064c 	.word	0x2000064c
10002254:	bffc8000 	.word	0xbffc8000
10002258:	20000648 	.word	0x20000648

1000225c <stdio_uart_in_chars>:
1000225c:	b530      	push	{r4, r5, lr}
1000225e:	0004      	movs	r4, r0
10002260:	1e0d      	subs	r5, r1, #0
10002262:	dd26      	ble.n	100022b2 <stdio_uart_in_chars+0x56>
10002264:	2000      	movs	r0, #0
10002266:	2110      	movs	r1, #16
10002268:	4b1b      	ldr	r3, [pc, #108]	; (100022d8 <stdio_uart_in_chars+0x7c>)
1000226a:	3c01      	subs	r4, #1
1000226c:	681a      	ldr	r2, [r3, #0]
1000226e:	6993      	ldr	r3, [r2, #24]
10002270:	4219      	tst	r1, r3
10002272:	d119      	bne.n	100022a8 <stdio_uart_in_chars+0x4c>
10002274:	3001      	adds	r0, #1
10002276:	6993      	ldr	r3, [r2, #24]
10002278:	4219      	tst	r1, r3
1000227a:	d1fc      	bne.n	10002276 <stdio_uart_in_chars+0x1a>
1000227c:	6813      	ldr	r3, [r2, #0]
1000227e:	5423      	strb	r3, [r4, r0]
10002280:	4285      	cmp	r5, r0
10002282:	d1f4      	bne.n	1000226e <stdio_uart_in_chars+0x12>
10002284:	4b15      	ldr	r3, [pc, #84]	; (100022dc <stdio_uart_in_chars+0x80>)
10002286:	681b      	ldr	r3, [r3, #0]
10002288:	2b00      	cmp	r3, #0
1000228a:	d00c      	beq.n	100022a6 <stdio_uart_in_chars+0x4a>
1000228c:	2350      	movs	r3, #80	; 0x50
1000228e:	6393      	str	r3, [r2, #56]	; 0x38
10002290:	6b51      	ldr	r1, [r2, #52]	; 0x34
10002292:	3b18      	subs	r3, #24
10002294:	3234      	adds	r2, #52	; 0x34
10002296:	400b      	ands	r3, r1
10002298:	0011      	movs	r1, r2
1000229a:	2280      	movs	r2, #128	; 0x80
1000229c:	0152      	lsls	r2, r2, #5
1000229e:	430a      	orrs	r2, r1
100022a0:	6013      	str	r3, [r2, #0]
100022a2:	2800      	cmp	r0, #0
100022a4:	d015      	beq.n	100022d2 <stdio_uart_in_chars+0x76>
100022a6:	bd30      	pop	{r4, r5, pc}
100022a8:	4b0c      	ldr	r3, [pc, #48]	; (100022dc <stdio_uart_in_chars+0x80>)
100022aa:	681b      	ldr	r3, [r3, #0]
100022ac:	2b00      	cmp	r3, #0
100022ae:	d1ed      	bne.n	1000228c <stdio_uart_in_chars+0x30>
100022b0:	e7f7      	b.n	100022a2 <stdio_uart_in_chars+0x46>
100022b2:	4b0a      	ldr	r3, [pc, #40]	; (100022dc <stdio_uart_in_chars+0x80>)
100022b4:	681b      	ldr	r3, [r3, #0]
100022b6:	2b00      	cmp	r3, #0
100022b8:	d00b      	beq.n	100022d2 <stdio_uart_in_chars+0x76>
100022ba:	2250      	movs	r2, #80	; 0x50
100022bc:	2138      	movs	r1, #56	; 0x38
100022be:	4b06      	ldr	r3, [pc, #24]	; (100022d8 <stdio_uart_in_chars+0x7c>)
100022c0:	681b      	ldr	r3, [r3, #0]
100022c2:	639a      	str	r2, [r3, #56]	; 0x38
100022c4:	6b5a      	ldr	r2, [r3, #52]	; 0x34
100022c6:	3334      	adds	r3, #52	; 0x34
100022c8:	4011      	ands	r1, r2
100022ca:	2280      	movs	r2, #128	; 0x80
100022cc:	0152      	lsls	r2, r2, #5
100022ce:	4313      	orrs	r3, r2
100022d0:	6019      	str	r1, [r3, #0]
100022d2:	2003      	movs	r0, #3
100022d4:	4240      	negs	r0, r0
100022d6:	e7e6      	b.n	100022a6 <stdio_uart_in_chars+0x4a>
100022d8:	2000064c 	.word	0x2000064c
100022dc:	200005a4 	.word	0x200005a4

100022e0 <on_uart_rx>:
100022e0:	4b06      	ldr	r3, [pc, #24]	; (100022fc <on_uart_rx+0x1c>)
100022e2:	b510      	push	{r4, lr}
100022e4:	681b      	ldr	r3, [r3, #0]
100022e6:	2b00      	cmp	r3, #0
100022e8:	d006      	beq.n	100022f8 <on_uart_rx+0x18>
100022ea:	2100      	movs	r1, #0
100022ec:	4a04      	ldr	r2, [pc, #16]	; (10002300 <on_uart_rx+0x20>)
100022ee:	6812      	ldr	r2, [r2, #0]
100022f0:	6391      	str	r1, [r2, #56]	; 0x38
100022f2:	4a04      	ldr	r2, [pc, #16]	; (10002304 <on_uart_rx+0x24>)
100022f4:	6810      	ldr	r0, [r2, #0]
100022f6:	4798      	blx	r3
100022f8:	bd10      	pop	{r4, pc}
100022fa:	46c0      	nop			; (mov r8, r8)
100022fc:	200005a4 	.word	0x200005a4
10002300:	2000064c 	.word	0x2000064c
10002304:	200005a8 	.word	0x200005a8

10002308 <stdio_uart_set_chars_available_callback>:
10002308:	4b1d      	ldr	r3, [pc, #116]	; (10002380 <stdio_uart_set_chars_available_callback+0x78>)
1000230a:	b5f0      	push	{r4, r5, r6, r7, lr}
1000230c:	681a      	ldr	r2, [r3, #0]
1000230e:	46c6      	mov	lr, r8
10002310:	4698      	mov	r8, r3
10002312:	4b1c      	ldr	r3, [pc, #112]	; (10002384 <stdio_uart_set_chars_available_callback+0x7c>)
10002314:	000e      	movs	r6, r1
10002316:	18d3      	adds	r3, r2, r3
10002318:	4259      	negs	r1, r3
1000231a:	414b      	adcs	r3, r1
1000231c:	4f1a      	ldr	r7, [pc, #104]	; (10002388 <stdio_uart_set_chars_available_callback+0x80>)
1000231e:	3314      	adds	r3, #20
10002320:	001c      	movs	r4, r3
10002322:	0005      	movs	r5, r0
10002324:	b500      	push	{lr}
10002326:	683b      	ldr	r3, [r7, #0]
10002328:	2800      	cmp	r0, #0
1000232a:	d007      	beq.n	1000233c <stdio_uart_set_chars_available_callback+0x34>
1000232c:	2b00      	cmp	r3, #0
1000232e:	d011      	beq.n	10002354 <stdio_uart_set_chars_available_callback+0x4c>
10002330:	4b16      	ldr	r3, [pc, #88]	; (1000238c <stdio_uart_set_chars_available_callback+0x84>)
10002332:	603d      	str	r5, [r7, #0]
10002334:	601e      	str	r6, [r3, #0]
10002336:	bc80      	pop	{r7}
10002338:	46b8      	mov	r8, r7
1000233a:	bdf0      	pop	{r4, r5, r6, r7, pc}
1000233c:	2b00      	cmp	r3, #0
1000233e:	d0f7      	beq.n	10002330 <stdio_uart_set_chars_available_callback+0x28>
10002340:	6390      	str	r0, [r2, #56]	; 0x38
10002342:	2100      	movs	r1, #0
10002344:	0020      	movs	r0, r4
10002346:	f7fe f907 	bl	10000558 <irq_set_enabled>
1000234a:	0020      	movs	r0, r4
1000234c:	4910      	ldr	r1, [pc, #64]	; (10002390 <stdio_uart_set_chars_available_callback+0x88>)
1000234e:	f7fe f947 	bl	100005e0 <irq_remove_handler>
10002352:	e7ed      	b.n	10002330 <stdio_uart_set_chars_available_callback+0x28>
10002354:	0020      	movs	r0, r4
10002356:	490e      	ldr	r1, [pc, #56]	; (10002390 <stdio_uart_set_chars_available_callback+0x88>)
10002358:	f7fe f918 	bl	1000058c <irq_set_exclusive_handler>
1000235c:	2101      	movs	r1, #1
1000235e:	0020      	movs	r0, r4
10002360:	f7fe f8fa 	bl	10000558 <irq_set_enabled>
10002364:	4643      	mov	r3, r8
10002366:	2250      	movs	r2, #80	; 0x50
10002368:	2138      	movs	r1, #56	; 0x38
1000236a:	681b      	ldr	r3, [r3, #0]
1000236c:	639a      	str	r2, [r3, #56]	; 0x38
1000236e:	6b5a      	ldr	r2, [r3, #52]	; 0x34
10002370:	3334      	adds	r3, #52	; 0x34
10002372:	4011      	ands	r1, r2
10002374:	2280      	movs	r2, #128	; 0x80
10002376:	0152      	lsls	r2, r2, #5
10002378:	4313      	orrs	r3, r2
1000237a:	6019      	str	r1, [r3, #0]
1000237c:	e7d8      	b.n	10002330 <stdio_uart_set_chars_available_callback+0x28>
1000237e:	46c0      	nop			; (mov r8, r8)
10002380:	2000064c 	.word	0x2000064c
10002384:	bffc8000 	.word	0xbffc8000
10002388:	200005a4 	.word	0x200005a4
1000238c:	200005a8 	.word	0x200005a8
10002390:	100022e1 	.word	0x100022e1

10002394 <stdio_uart_init>:
10002394:	4b0c      	ldr	r3, [pc, #48]	; (100023c8 <stdio_uart_init+0x34>)
10002396:	b510      	push	{r4, lr}
10002398:	781b      	ldrb	r3, [r3, #0]
1000239a:	4b0c      	ldr	r3, [pc, #48]	; (100023cc <stdio_uart_init+0x38>)
1000239c:	4c0c      	ldr	r4, [pc, #48]	; (100023d0 <stdio_uart_init+0x3c>)
1000239e:	781b      	ldrb	r3, [r3, #0]
100023a0:	4b0c      	ldr	r3, [pc, #48]	; (100023d4 <stdio_uart_init+0x40>)
100023a2:	2102      	movs	r1, #2
100023a4:	2000      	movs	r0, #0
100023a6:	6023      	str	r3, [r4, #0]
100023a8:	f7fe f810 	bl	100003cc <gpio_set_function>
100023ac:	2102      	movs	r1, #2
100023ae:	2001      	movs	r0, #1
100023b0:	f7fe f80c 	bl	100003cc <gpio_set_function>
100023b4:	21e1      	movs	r1, #225	; 0xe1
100023b6:	6820      	ldr	r0, [r4, #0]
100023b8:	0249      	lsls	r1, r1, #9
100023ba:	f7ff f937 	bl	1000162c <uart_init>
100023be:	2101      	movs	r1, #1
100023c0:	4805      	ldr	r0, [pc, #20]	; (100023d8 <stdio_uart_init+0x44>)
100023c2:	f7ff ff07 	bl	100021d4 <stdio_set_driver_enabled>
100023c6:	bd10      	pop	{r4, pc}
100023c8:	100025fc 	.word	0x100025fc
100023cc:	10002600 	.word	0x10002600
100023d0:	2000064c 	.word	0x2000064c
100023d4:	40034000 	.word	0x40034000
100023d8:	20000230 	.word	0x20000230

100023dc <boot_double_tap_check>:
100023dc:	b510      	push	{r4, lr}
100023de:	4c11      	ldr	r4, [pc, #68]	; (10002424 <boot_double_tap_check+0x48>)
100023e0:	4b11      	ldr	r3, [pc, #68]	; (10002428 <boot_double_tap_check+0x4c>)
100023e2:	6822      	ldr	r2, [r4, #0]
100023e4:	429a      	cmp	r2, r3
100023e6:	d110      	bne.n	1000240a <boot_double_tap_check+0x2e>
100023e8:	4b10      	ldr	r3, [pc, #64]	; (1000242c <boot_double_tap_check+0x50>)
100023ea:	6862      	ldr	r2, [r4, #4]
100023ec:	429a      	cmp	r2, r3
100023ee:	d10c      	bne.n	1000240a <boot_double_tap_check+0x2e>
100023f0:	4b0f      	ldr	r3, [pc, #60]	; (10002430 <boot_double_tap_check+0x54>)
100023f2:	68a2      	ldr	r2, [r4, #8]
100023f4:	429a      	cmp	r2, r3
100023f6:	d108      	bne.n	1000240a <boot_double_tap_check+0x2e>
100023f8:	2300      	movs	r3, #0
100023fa:	480e      	ldr	r0, [pc, #56]	; (10002434 <boot_double_tap_check+0x58>)
100023fc:	6023      	str	r3, [r4, #0]
100023fe:	f7ff fc77 	bl	10001cf0 <rom_func_lookup>
10002402:	2100      	movs	r1, #0
10002404:	0003      	movs	r3, r0
10002406:	2000      	movs	r0, #0
10002408:	4798      	blx	r3
1000240a:	4b07      	ldr	r3, [pc, #28]	; (10002428 <boot_double_tap_check+0x4c>)
1000240c:	2100      	movs	r1, #0
1000240e:	6023      	str	r3, [r4, #0]
10002410:	4b06      	ldr	r3, [pc, #24]	; (1000242c <boot_double_tap_check+0x50>)
10002412:	4809      	ldr	r0, [pc, #36]	; (10002438 <boot_double_tap_check+0x5c>)
10002414:	6063      	str	r3, [r4, #4]
10002416:	4b06      	ldr	r3, [pc, #24]	; (10002430 <boot_double_tap_check+0x54>)
10002418:	60a3      	str	r3, [r4, #8]
1000241a:	f7fe fe25 	bl	10001068 <busy_wait_us>
1000241e:	2300      	movs	r3, #0
10002420:	6023      	str	r3, [r4, #0]
10002422:	bd10      	pop	{r4, pc}
10002424:	20000268 	.word	0x20000268
10002428:	f01681de 	.word	0xf01681de
1000242c:	bd729b29 	.word	0xbd729b29
10002430:	d359be7a 	.word	0xd359be7a
10002434:	00004255 	.word	0x00004255
10002438:	00030d40 	.word	0x00030d40

1000243c <strlen>:
1000243c:	b510      	push	{r4, lr}
1000243e:	0783      	lsls	r3, r0, #30
10002440:	d00a      	beq.n	10002458 <strlen+0x1c>
10002442:	0003      	movs	r3, r0
10002444:	2103      	movs	r1, #3
10002446:	e002      	b.n	1000244e <strlen+0x12>
10002448:	3301      	adds	r3, #1
1000244a:	420b      	tst	r3, r1
1000244c:	d005      	beq.n	1000245a <strlen+0x1e>
1000244e:	781a      	ldrb	r2, [r3, #0]
10002450:	2a00      	cmp	r2, #0
10002452:	d1f9      	bne.n	10002448 <strlen+0xc>
10002454:	1a18      	subs	r0, r3, r0
10002456:	bd10      	pop	{r4, pc}
10002458:	0003      	movs	r3, r0
1000245a:	6819      	ldr	r1, [r3, #0]
1000245c:	4a0c      	ldr	r2, [pc, #48]	; (10002490 <strlen+0x54>)
1000245e:	4c0d      	ldr	r4, [pc, #52]	; (10002494 <strlen+0x58>)
10002460:	188a      	adds	r2, r1, r2
10002462:	438a      	bics	r2, r1
10002464:	4222      	tst	r2, r4
10002466:	d10f      	bne.n	10002488 <strlen+0x4c>
10002468:	6859      	ldr	r1, [r3, #4]
1000246a:	4a09      	ldr	r2, [pc, #36]	; (10002490 <strlen+0x54>)
1000246c:	3304      	adds	r3, #4
1000246e:	188a      	adds	r2, r1, r2
10002470:	438a      	bics	r2, r1
10002472:	4222      	tst	r2, r4
10002474:	d108      	bne.n	10002488 <strlen+0x4c>
10002476:	6859      	ldr	r1, [r3, #4]
10002478:	4a05      	ldr	r2, [pc, #20]	; (10002490 <strlen+0x54>)
1000247a:	3304      	adds	r3, #4
1000247c:	188a      	adds	r2, r1, r2
1000247e:	438a      	bics	r2, r1
10002480:	4222      	tst	r2, r4
10002482:	d0f1      	beq.n	10002468 <strlen+0x2c>
10002484:	e000      	b.n	10002488 <strlen+0x4c>
10002486:	3301      	adds	r3, #1
10002488:	781a      	ldrb	r2, [r3, #0]
1000248a:	2a00      	cmp	r2, #0
1000248c:	d1fb      	bne.n	10002486 <strlen+0x4a>
1000248e:	e7e1      	b.n	10002454 <strlen+0x18>
10002490:	fefefeff 	.word	0xfefefeff
10002494:	80808080 	.word	0x80808080

10002498 <_fini>:
10002498:	b5f8      	push	{r3, r4, r5, r6, r7, lr}
1000249a:	46c0      	nop			; (mov r8, r8)
1000249c:	0000      	movs	r0, r0
	...

100024a0 <__mutex_exit_veneer>:
100024a0:	b401      	push	{r0}
100024a2:	4802      	ldr	r0, [pc, #8]	; (100024ac <__mutex_exit_veneer+0xc>)
100024a4:	4684      	mov	ip, r0
100024a6:	bc01      	pop	{r0}
100024a8:	4760      	bx	ip
100024aa:	bf00      	nop
100024ac:	2000015d 	.word	0x2000015d

100024b0 <____aeabi_idiv0_veneer>:
100024b0:	b401      	push	{r0}
100024b2:	4802      	ldr	r0, [pc, #8]	; (100024bc <____aeabi_idiv0_veneer+0xc>)
100024b4:	4684      	mov	ip, r0
100024b6:	bc01      	pop	{r0}
100024b8:	4760      	bx	ip
100024ba:	bf00      	nop
100024bc:	20000185 	.word	0x20000185

100024c0 <__mutex_try_enter_block_until_veneer>:
100024c0:	b401      	push	{r0}
100024c2:	4802      	ldr	r0, [pc, #8]	; (100024cc <__mutex_try_enter_block_until_veneer+0xc>)
100024c4:	4684      	mov	ip, r0
100024c6:	bc01      	pop	{r0}
100024c8:	4760      	bx	ip
100024ca:	bf00      	nop
100024cc:	200000c1 	.word	0x200000c1

Disassembly of section .data:

200000c0 <mutex_try_enter_block_until>:
200000c0:	b5f0      	push	{r4, r5, r6, r7, lr}
200000c2:	46c6      	mov	lr, r8
200000c4:	0015      	movs	r5, r2
200000c6:	b500      	push	{lr}
200000c8:	0004      	movs	r4, r0
200000ca:	001e      	movs	r6, r3
200000cc:	6802      	ldr	r2, [r0, #0]
200000ce:	f3ef 8110 	mrs	r1, PRIMASK
200000d2:	b672      	cpsid	i
200000d4:	6813      	ldr	r3, [r2, #0]
200000d6:	2b00      	cmp	r3, #0
200000d8:	d0fc      	beq.n	200000d4 <mutex_try_enter_block_until+0x14>
200000da:	f3bf 8f5f 	dmb	sy
200000de:	2304      	movs	r3, #4
200000e0:	56e3      	ldrsb	r3, [r4, r3]
200000e2:	2b00      	cmp	r3, #0
200000e4:	db2d      	blt.n	20000142 <mutex_try_enter_block_until+0x82>
200000e6:	6822      	ldr	r2, [r4, #0]
200000e8:	f3bf 8f5f 	dmb	sy
200000ec:	2000      	movs	r0, #0
200000ee:	6010      	str	r0, [r2, #0]
200000f0:	f381 8810 	msr	PRIMASK, r1
200000f4:	22d0      	movs	r2, #208	; 0xd0
200000f6:	0612      	lsls	r2, r2, #24
200000f8:	7812      	ldrb	r2, [r2, #0]
200000fa:	b252      	sxtb	r2, r2
200000fc:	4690      	mov	r8, r2
200000fe:	429a      	cmp	r2, r3
20000100:	d103      	bne.n	2000010a <mutex_try_enter_block_until+0x4a>
20000102:	2000      	movs	r0, #0
20000104:	bc80      	pop	{r7}
20000106:	46b8      	mov	r8, r7
20000108:	bdf0      	pop	{r4, r5, r6, r7, pc}
2000010a:	2700      	movs	r7, #0
2000010c:	e00b      	b.n	20000126 <mutex_try_enter_block_until+0x66>
2000010e:	6823      	ldr	r3, [r4, #0]
20000110:	f3bf 8f5f 	dmb	sy
20000114:	601f      	str	r7, [r3, #0]
20000116:	f381 8810 	msr	PRIMASK, r1
2000011a:	0028      	movs	r0, r5
2000011c:	0031      	movs	r1, r6
2000011e:	f000 f833 	bl	20000188 <__best_effort_wfe_or_timeout_veneer>
20000122:	2800      	cmp	r0, #0
20000124:	d1ed      	bne.n	20000102 <mutex_try_enter_block_until+0x42>
20000126:	6822      	ldr	r2, [r4, #0]
20000128:	f3ef 8110 	mrs	r1, PRIMASK
2000012c:	b672      	cpsid	i
2000012e:	6813      	ldr	r3, [r2, #0]
20000130:	2b00      	cmp	r3, #0
20000132:	d0fc      	beq.n	2000012e <mutex_try_enter_block_until+0x6e>
20000134:	f3bf 8f5f 	dmb	sy
20000138:	7923      	ldrb	r3, [r4, #4]
2000013a:	2b7f      	cmp	r3, #127	; 0x7f
2000013c:	d9e7      	bls.n	2000010e <mutex_try_enter_block_until+0x4e>
2000013e:	4643      	mov	r3, r8
20000140:	e002      	b.n	20000148 <mutex_try_enter_block_until+0x88>
20000142:	23d0      	movs	r3, #208	; 0xd0
20000144:	061b      	lsls	r3, r3, #24
20000146:	681b      	ldr	r3, [r3, #0]
20000148:	7123      	strb	r3, [r4, #4]
2000014a:	6823      	ldr	r3, [r4, #0]
2000014c:	f3bf 8f5f 	dmb	sy
20000150:	2200      	movs	r2, #0
20000152:	601a      	str	r2, [r3, #0]
20000154:	f381 8810 	msr	PRIMASK, r1
20000158:	2001      	movs	r0, #1
2000015a:	e7d3      	b.n	20000104 <mutex_try_enter_block_until+0x44>

2000015c <mutex_exit>:
2000015c:	6802      	ldr	r2, [r0, #0]
2000015e:	f3ef 8110 	mrs	r1, PRIMASK
20000162:	b672      	cpsid	i
20000164:	6813      	ldr	r3, [r2, #0]
20000166:	2b00      	cmp	r3, #0
20000168:	d0fc      	beq.n	20000164 <mutex_exit+0x8>
2000016a:	f3bf 8f5f 	dmb	sy
2000016e:	23ff      	movs	r3, #255	; 0xff
20000170:	7103      	strb	r3, [r0, #4]
20000172:	6803      	ldr	r3, [r0, #0]
20000174:	f3bf 8f5f 	dmb	sy
20000178:	2200      	movs	r2, #0
2000017a:	601a      	str	r2, [r3, #0]
2000017c:	f381 8810 	msr	PRIMASK, r1
20000180:	bf40      	sev
20000182:	4770      	bx	lr

20000184 <__aeabi_idiv0>:
20000184:	4770      	bx	lr
20000186:	46c0      	nop			; (mov r8, r8)

20000188 <__best_effort_wfe_or_timeout_veneer>:
20000188:	b401      	push	{r0}
2000018a:	4802      	ldr	r0, [pc, #8]	; (20000194 <__best_effort_wfe_or_timeout_veneer+0xc>)
2000018c:	4684      	mov	ip, r0
2000018e:	bc01      	pop	{r0}
20000190:	4760      	bx	ip
20000192:	bf00      	nop
20000194:	10000ead 	.word	0x10000ead

20000198 <striped_spin_lock_num>:
20000198:	00000010                                ....

2000019c <irq_handler_chain_slots>:
2000019c:	00000000 	.word	0x00000000
200001a0:	00010000 	.word	0x00010000
	...
200001ac:	00020000 	.word	0x00020000
	...
200001b8:	00030000 	.word	0x00030000
	...
200001c4:	00ff0000 	.word	0x00ff0000
200001c8:	00000000 	.word	0x00000000

200001cc <irq_handler_chain_first_slot>:
200001cc:	b501      	push	{r0, lr}
200001ce:	6848      	ldr	r0, [r1, #4]
200001d0:	3101      	adds	r1, #1
200001d2:	468e      	mov	lr, r1
200001d4:	4700      	bx	r0

200001d6 <irq_handler_chain_remove_tail>:
200001d6:	4670      	mov	r0, lr
200001d8:	3809      	subs	r0, #9
200001da:	4901      	ldr	r1, [pc, #4]	; (200001e0 <irq_handler_chain_remove_tail+0xa>)
200001dc:	4788      	blx	r1
200001de:	bd01      	pop	{r0, pc}
200001e0:	10000791 	.word	0x10000791

200001e4 <default_alarm_pool>:
200001e4:	200001fc 00000000 20000278 200005d4     ... ....x.. ... 
	...

200001fc <default_alarm_pool_heap>:
200001fc:	200005e4 00000000 00000000 00000010     ... ............
2000020c:	00000000                                ....

20000210 <aeabi_bits_funcs>:
20000210:	00003350 	.word	0x00003350
20000214:	0000334c 	.word	0x0000334c
20000218:	00003354 	.word	0x00003354
2000021c:	00003352 	.word	0x00003352

20000220 <aeabi_bits_funcs_end>:
20000220:	0000534d 	.word	0x0000534d
20000224:	0000434d 	.word	0x0000434d
20000228:	00003453 	.word	0x00003453
2000022c:	00003443 	.word	0x00003443

20000230 <stdio_uart>:
20000230:	10002211 00000000 1000225d 10002309     ."......]"...#..
20000240:	00000000 00000100                       ........

20000248 <print_mutex>:
	...

20000250 <__mutex_array_end>:
20000250:	10001f25 	.word	0x10001f25
20000254:	10001ce1 	.word	0x10001ce1
20000258:	10001da1 	.word	0x10001da1
2000025c:	10001e95 	.word	0x10001e95

20000260 <__frame_dummy_init_array_entry>:
20000260:	100002e5 100023dd                       .....#..
